"STATE_ABBR","mean","Year"
"AK",0.00109081631716417,1990
"AL",0.683971097689937,1990
"AR",0.00744066223249597,1990
"AZ",0.00841227979678606,1990
"CA",0.0370227288270236,1990
"CO",0.0331151168242873,1990
"CT",0.0720512807751313,1990
"DC",0.0232009853943367,1990
"FL",0.0331431156016001,1990
"HI",0.00170237623287093,1990
"IA",0.190983608365059,1990
"ID",0.130181816728278,1990
"IL",0.0860339301382872,1990
"IN",0.261539278125327,1990
"KS",0.0120658042643055,1990
"LA",0.0313856140203905,1990
"MA",0.0363865542233366,1990
"MD",0.0324617940684985,1990
"ME",0.020406474996923,1990
"MI",0.0167402190303287,1990
"MN",0.519412473306667,1990
"MO",0.513900430260704,1990
"MS",0.0700000002980232,1990
"MT",0.508070030385347,1990
"NE",0.746749995625578,1990
"NJ",0.119590238827574,1990
"NM",0.0792946857996375,1990
"NV",0.00120779220770754,1990
"NY",0.146693787162782,1990
"OH",0.210624746154299,1990
"OK",0.0262413793612785,1990
"OR",0.00143783783612496,1990
"PA",0.499339035087197,1990
"PR",0.0117870721852711,1990
"SC",0.0243551913328225,1990
"SD",0.00127711538404513,1990
"TN",0.630534491260594,1990
"TX",0.13303173206415,1990
"UT",0.0233058529858453,1990
"VA",0.0314008811446453,1990
"VI",0.00108555555925705,1990
"VT",0.018095237690778,1990
"WA",0.131120939741899,1990
"WI",0.0595798309141097,1990
"WV",0.0293131864906012,1990
"WY",0.00133583333129839,1990
"AK",0.000937403845735109,1991
"AL",0.578959946388957,1991
"AR",0.0113650534710026,1991
"AZ",0.0126340294073518,1991
"CA",0.0703557342128301,1991
"CO",0.0314282919524678,1991
"CT",0.0669999990612268,1991
"DC",0.0230983811892944,1991
"FL",0.171375618245605,1991
"GA",0.00177083333498255,1991
"HI",0.00172308476590473,1991
"IA",0.185593223041397,1991
"ID",0.0840740734021421,1991
"IL",0.326936263258777,1991
"IN",0.199185568249834,1991
"KS",0.013249854809393,1991
"KY",0.00273531248421932,1991
"LA",0.0225677054940008,1991
"MA",0.0148093840189256,1991
"MD",0.0304605263319038,1991
"ME",0.0150918530663475,1991
"MI",0.0130722473491897,1991
"MN",0.330092260952447,1991
"MO",0.790366825971629,1991
"MS",0.0700000002980232,1991
"MT",0.432454422097185,1991
"NE",0.742528000342846,1991
"NJ",0.256069279835367,1991
"NM",0.0585956437937399,1991
"NV",0.00123837209058936,1991
"NY",0.163637663995045,1991
"OH",0.101948999514182,1991
"OK",0.0316746574539487,1991
"OR",0.00120499999748598,1991
"PA",0.358236962983549,1991
"PR",0.00852272714572874,1991
"SC",0.0178407080187174,1991
"SD",0.00135650485301915,1991
"TN",0.739097293898417,1991
"TX",0.0824433957833167,1991
"UT",0.0206640223726588,1991
"VA",0.0200863359342819,1991
"VI",0.00122117647243773,1991
"VT",0.00279724137287523,1991
"WA",0.0982982248418866,1991
"WI",0.123897259314991,1991
"WV",0.0223697620006018,1991
"WY",0.00121945945791447,1991
"AK",0.000444134616093204,1992
"AL",0.00255701298426305,1992
"AR",0.000674354244965194,1992
"AZ",0.00868382622387932,1992
"CA",0.0272072741877348,1992
"CO",0.0381935004199483,1992
"DC",0.0272552279853507,1992
"FL",0.0942515174094848,1992
"GA",0.00167552082772697,1992
"HI",0.00129578949085235,1992
"IA",0.158888891504871,1992
"ID",0.0179204444058996,1992
"IL",0.285191872729405,1992
"IN",0.187040713509224,1992
"KS",0.00874844547357187,1992
"KY",0.00283495145533415,1992
"LA",0.0379161146915544,1992
"MA",0.0153795377760142,1992
"MD",0.0258645833398785,1992
"ME",0.0164878330869085,1992
"MI",0.0121622465001695,1992
"MN",0.219091486969254,1992
"MO",1.80368292750703,1992
"MS",0.017081967242001,1992
"MT",0.707845938186484,1992
"NE",1.30057017097239,1992
"NJ",0.13373056745447,1992
"NM",0.06230260880201,1992
"NV",0.00054886792542057,1992
"NY",0.0856302868058241,1992
"OH",2.49983740157667,1992
"OK",0.0166711409407474,1992
"OR",0.000756300000284682,1992
"PA",0.46557081786207,1992
"PR",0.0396491229664861,1992
"SC",0.0214782609927624,1992
"SD",0.00088049019919423,1992
"TN",0.499973163707646,1992
"TX",0.061705159411588,1992
"UT",0.0188915215530078,1992
"VA",0.0105240501660673,1992
"VI",0.000699213486043161,1992
"VT",0.00188217821198465,1992
"WA",0.0892577304476382,1992
"WI",0.18350581399999,1992
"WV",0.0249938492636676,1992
"WY",0.000661846154252999,1992
"AK",0.000440297031511165,1993
"AL",0.00257922221854743,1993
"AR",0.0005490035572656,1993
"AZ",0.00839453214001651,1993
"CA",0.0151770323867921,1993
"CO",0.0311905787790369,1993
"DC",0.0173936878724836,1993
"FL",0.0685223938117712,1993
"GA",0.00130447917035781,1993
"HI",0.00121175611415444,1993
"IA",0.248113209908863,1993
"ID",0.0121331300184332,1993
"IL",0.227521067423736,1993
"IN",0.220149123093765,1993
"KS",0.00624302789244502,1993
"KY",0.0027795999951195,1993
"LA",0.0238805969602176,1993
"MA",0.00531353128354738,1993
"MD",0.0222714286555337,1993
"ME",0.0109667262548451,1993
"MI",0.0100331740520831,1993
"MN",0.136923922587587,1993
"MO",2.90574128855001,1993
"MS",0.00819672128094024,1993
"MT",1.18812063735282,1993
"NE",1.18157441593789,1993
"NJ",0.0617982151451392,1993
"NM",0.0484993242305234,1993
"NV",0.000420634920403014,1993
"NY",0.0674757276387421,1993
"OH",3.50201368094408,1993
"OK",0.0219023569176594,1993
"OR",0.000760563382230007,1993
"PA",0.453570257075548,1993
"PR",0.00189655171386127,1993
"SC",0.044640993682656,1993
"SD",0.000600769230914011,1993
"TN",0.418382764341748,1993
"TX",0.0684944176116191,1993
"UT",0.0201520314858067,1993
"VA",0.00999491881078656,1993
"VI",0.000478775511918666,1993
"VT",0.00175531249563695,1993
"WA",0.0523219086771309,1993
"WI",0.153643748833565,1993
"WV",0.0177957880262085,1993
"WY",0.000399770643700922,1993
"AK",0.000387352941770052,1994
"AL",0.00283452054511194,1994
"AR",0.00132838235517471,1994
"AZ",0.00861012139458417,1994
"CA",0.014100131366161,1994
"CO",0.0145782203042113,1994
"DC",0.0128754814996177,1994
"FL",0.0515926100558972,1994
"GA",0.00154102041058798,1994
"HI",0.00012948863691649,1994
"IA",0.308333337803682,1994
"ID",0.0104705309186746,1994
"IL",0.267893365436562,1994
"IN",0.416610757213824,1994
"KS",0.0058075729381781,1994
"KY",0.00301794871801319,1994
"LA",0.0329330542955789,1994
"MA",0,1994
"MD",0.0229161074072523,1994
"ME",0.00229743363006572,1994
"MI",0.012161768508096,1994
"MN",0.0372021657414588,1994
"MO",2.13568330130179,1994
"MS",0.00101694916138204,1994
"MT",1.75744981393491,1994
"NC",0.00126291667220357,1994
"NE",1.37376738427026,1994
"NJ",0.0526145555019698,1994
"NM",0.0177951186394686,1994
"NV",0.000434558825266625,1994
"NY",0.0460806256949396,1994
"OH",0.605611109557665,1994
"OK",0.00967253517674308,1994
"OR",0.0410636095685766,1994
"PA",0.481864463241986,1994
"SC",0.0720909571717244,1994
"SD",0.0007331428535205,1994
"TN",0.407157015672187,1994
"TX",0.0557216888324541,1994
"UT",0.0161971199972672,1994
"VA",0.0117245244055126,1994
"VI",0.000541358025432679,1994
"VT",0.00255308139914928,1994
"WA",0.0618505119990271,1994
"WI",0.16040588227265,1994
"WV",0.0225174673338291,1994
"WY",0.000418415841819963,1994
"AK",0.000495490196258556,1995
"AL",0.00334610390876021,1995
"AR",0.00228999999580109,1995
"AZ",0.00943802447646571,1995
"CA",0.0121713938783752,1995
"CO",0.0124361197496549,1995
"DC",0.0145279195145219,1995
"FL",0.166534927823386,1995
"GA",0.0019695098111269,1995
"HI",0.000689896382150178,1995
"IA",0.2682243006948,1995
"ID",0.0134608714731866,1995
"IL",0.275523689791486,1995
"IN",0.220579240674285,1995
"KS",0.00559420290925611,1995
"KY",0.00371289999922737,1995
"LA",0.0479447982069342,1995
"MA",0,1995
"MD",0.0228647058528355,1995
"ME",0.00246063158219362,1995
"MI",0.00796776961129064,1995
"MN",0.118874764590317,1995
"MO",1.67898688161878,1995
"MS",0.0381666663723687,1995
"MT",1.37067212916494,1995
"NC",0.00199000001192049,1995
"NE",2.11308290321534,1995
"NH",0.00250322582958747,1995
"NJ",0.0387358398728566,1995
"NM",0.0217765616432048,1995
"NV",0.000471909547608694,1995
"NY",0.0411153308622822,1995
"OK",0.0111541501485665,1995
"OR",0.0308549213992535,1995
"PA",0.372417160492088,1995
"SC",0.0151754912729165,1995
"SD",0.000819611650477932,1995
"TN",0.412230434555802,1995
"TX",0.0763138508868791,1995
"UT",0.0135416229567221,1995
"VA",0.0100350422019145,1995
"VI",0.000724642856636949,1995
"VT",0.00287253845308442,1995
"WA",0.0524380275234257,1995
"WI",0.227704761957838,1995
"WV",0.02029786311811,1995
"WY",0.000448707484229956,1995
"AK",0.000615480772816787,1996
"AL",0.00341930233218252,1996
"AR",0.00249647058537413,1996
"AZ",0.010245759746103,1996
"CA",0.0110390072371546,1996
"CO",0.0120146115948974,1996
"DC",0.00930705993174008,1996
"FL",0.178453671929456,1996
"GA",0.00193058252668017,1996
"HI",0.00398178635257727,1996
"IA",0.221828939606909,1996
"ID",0.00876753589137997,1996
"IL",0.186013279673652,1996
"IN",0.158750612162109,1996
"KS",0.00637082727411595,1996
"KY",0.00408029410869394,1996
"LA",0.0367176394548564,1996
"MD",0.0226721306804751,1996
"ME",0.00259860696410644,1996
"MI",0.0118842038660312,1996
"MN",0.151570448636608,1996
"MO",1.91163513979565,1996
"MS",0.000732383823820523,1996
"MT",0.77211393873889,1996
"NC",0.0261463835207188,1996
"NE",1.44013411027111,1996
"NH",0.00256615386919853,1996
"NJ",0.0287583343366448,1996
"NM",0.0189009937129759,1996
"NV",0.000581182798502782,1996
"NY",0.0420003167973923,1996
"OK",0.0201651496546609,1996
"OR",0.000629035537270002,1996
"PA",0.424168183162347,1996
"SC",0.00570784444150647,1996
"SD",0.00108166666890896,1996
"TN",0.262399915392717,1996
"TX",0.0618702669694137,1996
"UT",0.00707650404846867,1996
"VA",0.00834191453542366,1996
"VI",0.00106317072996029,1996
"VT",0.00271219779944539,1996
"WA",0.0605310373720087,1996
"WI",0.232359935047811,1996
"WV",0.0176471307899325,1996
"WY",0.000624826390801698,1996
"AK",0.000544399997888831,1997
"AL",0.00341315786589117,1997
"AR",0.00227355769143637,1997
"AZ",0.00540048962184966,1997
"CA",0.00975627648572389,1997
"CO",0.00675820638690056,1997
"DC",0.00786421377801988,1997
"FL",0.143783560611556,1997
"GA",0.00204191918336702,1997
"HI",0.00611776606458638,1997
"IA",0.0647378219444244,1997
"ID",0.00927099957916983,1997
"IL",0.170550953728282,1997
"IN",0.177097168139305,1997
"KS",0.0131574981349624,1997
"KY",0.00431380001013167,1997
"LA",0.0267972990911657,1997
"MD",0,1997
"ME",0.00229936585216442,1997
"MI",0.01304778338041,1997
"MN",0.054932603259703,1997
"MO",0.620566844469142,1997
"MS",0.0127742468006909,1997
"MT",0.274206826462428,1997
"NC",0.0212679114870813,1997
"NE",0.468075706704362,1997
"NH",0.00245200000063051,1997
"NJ",0.0290142126142892,1997
"NM",0.0176142720956911,1997
"NV",0.00057923976397986,1997
"NY",0.0542472228266483,1997
"OK",0.00279559311456978,1997
"OR",0.000657897434818248,1997
"PA",0.36779383585126,1997
"PR",0,1997
"SC",0.00604098093172623,1997
"SD",0.000828857145582636,1997
"TN",0.269025451294068,1997
"TX",0.0524123320024499,1997
"UT",0.0103305582321246,1997
"VA",0.00681083924836569,1997
"VI",0.000845113626796361,1997
"VT",0.00276600001056472,1997
"WA",0.0564567713112963,1997
"WI",0.16188776395707,1997
"WV",0.0148117596172919,1997
"WY",0.000492745762349548,1997
"AK",0.000428383838916856,1998
"AL",0.00294555556417132,1998
"AR",0.00196485437065119,1998
"AZ",0.00135980879507418,1998
"CA",0.0101515177511511,1998
"CO",0.0114726684403128,1998
"DC",0.00794221594165773,1998
"FL",0.0582674887864561,1998
"GA",0.00156134020803573,1998
"HI",0.000339795918915449,1998
"IA",0.00179121731701544,1998
"ID",0.00971899935822823,1998
"IL",0.139798078541384,1998
"IN",0.196576999343882,1998
"KS",0.00361527149375957,1998
"KY",0.0032473076957663,1998
"LA",0.0399590851495672,1998
"MA",0.0194846822755275,1998
"MD",0,1998
"ME",0.00168945545032113,1998
"MI",0.0154037685914105,1998
"MN",0.0220942410235944,1998
"MO",0.775120954857865,1998
"MT",0.344672399703837,1998
"NC",0.00133311827773459,1998
"NE",0.0925294555378176,1998
"NH",0.001651666667645,1998
"NJ",0.0190487902095979,1998
"NM",0.00408627634174011,1998
"NV",0.000495242716743694,1998
"NY",0.053846830741791,1998
"OR",0.000488071067307173,1998
"PA",0.231892376423867,1998
"PR",0.00676846256479621,1998
"SC",0.00856235042755103,1998
"SD",0.000882912623849743,1998
"TN",0.329581171861415,1998
"TX",0.063037978903398,1998
"UT",0.0122850335895642,1998
"VA",0.00717636496206151,1998
"VI",0.000622933333312782,1998
"VT",0.0021596969766166,1998
"WA",0.0699947977434674,1998
"WV",0.00255884613887667,1998
"WY",0.000430992908808006,1998
"AK",0.000594901958453085,1999
"AL",0.0232800497360586,1999
"AR",0.0018500000058504,1999
"AZ",0.00125175847275941,1999
"CA",0.0116684284184388,1999
"CO",0.00904354193027959,1999
"DC",0.00958804895368512,1999
"FL",0.0560135577346154,1999
"GA",0.00486669367997021,1999
"HI",0.000281294118373326,1999
"ID",0.00481815563308269,1999
"IL",0.235397867249844,1999
"IN",0.125569385337421,1999
"KY",0.00255156862783456,1999
"LA",0.019761150905483,1999
"MA",0.0183727788044361,1999
"MD",0,1999
"ME",0.00183377550630973,1999
"MI",0.0109645869098279,1999
"MN",0.059697219792061,1999
"MO",0.740895310030175,1999
"MS",0.000598290584917761,1999
"MT",0.321663783815807,1999
"NC",0.00139322033807067,1999
"ND",0.000246000007609837,1999
"NE",0.23634467251309,1999
"NH",0.00144023809532103,1999
"NJ",0.0308519578221339,1999
"NM",0.000774668988800942,1999
"NV",0.000479393940108224,1999
"NY",0.0633595439749548,1999
"OR",0.00121516393316045,1999
"PA",0.288263205042101,1999
"PR",0.0184593248025825,1999
"SC",0.00562577510581491,1999
"SD",0.000615742571993689,1999
"TN",0.185068264120563,1999
"TX",0.0631496598974561,1999
"UT",0.00966210171413927,1999
"VA",0.00256783920226165,1999
"VI",0.000552533332374878,1999
"VT",0.00214306817460138,1999
"WA",0.0102255932874941,1999
"WV",0.00212656863218666,1999
"WY",0.000443892617638249,1999
"AK",0.000215980393120702,2000
"AL",0.0156497536926047,2000
"AR",0.00120441379248373,2000
"AZ",0.00134544615305808,2000
"CA",0.0100266286558643,2000
"CO",0.0125030298202711,2000
"DC",0.00403622446797921,2000
"FL",0.0855335154980548,2000
"GA",0.00334167864124479,2000
"HI",0.000272765956903273,2000
"ID",0.00836174294879813,2000
"IL",0.168071014867806,2000
"IN",0.111624105706011,2000
"KY",0.00771235541835125,2000
"LA",0.063425521051613,2000
"MA",0.00797354461974464,2000
"MD",0.000160634924199373,2000
"ME",0.00142524272461424,2000
"MI",0.00810848619213038,2000
"MN",0.0363918431076296,2000
"MO",0.551451842934843,2000
"MS",0.00135922327058987,2000
"MT",0.280358928459982,2000
"NC",0.00106178743741278,2000
"ND",0.0014038965518482,2000
"NE",0.0387436988770903,2000
"NH",0.000852456144026579,2000
"NJ",0.0255469182824477,2000
"NM",0.00043721649578317,2000
"NV",0.000495988022859144,2000
"NY",0.0368424238291095,2000
"OH",0.00741000007838011,2000
"OR",0.00417832527350898,2000
"PA",0.0647658057872553,2000
"PR",0.00830426740126227,2000
"SC",0.0080812901228038,2000
"SD",0.000469153439774697,2000
"TN",0.24162149624104,2000
"TX",0.0474784702120696,2000
"UT",0.00576179784301767,2000
"VA",0.00261298779408141,2000
"VI",0.000355818181163737,2000
"VT",0.00156343137439085,2000
"WA",0.00300948031201517,2000
"WI",0.0138554000554399,2000
"WV",0.00185049999563489,2000
"WY",0.000321270719442153,2000
"AK",0.000347440474667694,2001
"AL",0.0109283111664662,2001
"AR",0.00126052631494705,2001
"AZ",0.00152677256471182,2001
"CA",0.0105966880932166,2001
"CO",0.00894754382540783,2001
"CT",0.00193500000568747,2001
"DC",0.00762043316337221,2001
"DE",0.00399761194703795,2001
"FL",0.0429226247444917,2001
"GA",0.00294984520304362,2001
"HI",0.000324000000749271,2001
"IA",0.00661520620370848,2001
"ID",0.00575198352621016,2001
"IL",0.121931113544247,2001
"IN",0.116193728839554,2001
"KS",0.00435388891330351,2001
"KY",0.00502019664218987,2001
"LA",0.0124971990424693,2001
"MA",0.00404955787402846,2001
"MD",0.00317906735205484,2001
"ME",0.00186124999765499,2001
"MI",0.0113787199115093,2001
"MN",0.0137859275132498,2001
"MO",0.727485021279651,2001
"MS",0.0019176557623356,2001
"MT",0.0497955304033495,2001
"NC",0.0019193540681336,2001
"ND",0.00128060422640426,2001
"NE",0.0305754596281397,2001
"NH",0.00195479166783722,2001
"NJ",0.0190637639951679,2001
"NM",0.00082490593141108,2001
"NV",0.00093239725981831,2001
"NY",0.0185741634006358,2001
"OH",0.0090426666662097,2001
"OK",0.00330846153866822,2001
"OR",0.00243768024959316,2001
"PA",0.0430766434639537,2001
"PR",0.00283616928130849,2001
"RI",0.011489495120179,2001
"SC",0.00443353205265022,2001
"SD",0.000621483253223741,2001
"TN",0.194834133864021,2001
"TX",0.0912926419034367,2001
"UT",0.00412071013644528,2001
"VA",0.00279078616293179,2001
"VI",0.000541388889999965,2001
"VT",0.00232635483715116,2001
"WA",0.00232096596781779,2001
"WI",0.00752343831996189,2001
"WV",0.0016882758620717,2001
"WY",0.000458009481102877,2001
"AK",0.00153625000169032,2002
"AL",0.00894482502206404,2002
"AR",0.00193625352150493,2002
"AZ",0.00164730283325877,2002
"CA",0.00549878008564489,2002
"CO",0.00931161389182998,2002
"CT",0.00220711863800978,2002
"DC",0.00296545023136451,2002
"DE",0.00364263158183332,2002
"FL",0.0466459934081634,2002
"GA",0.00739614054594126,2002
"HI",0.00057355440367246,2002
"IA",0.0049573130094752,2002
"ID",0.00342329354342957,2002
"IL",0.0170572029705785,2002
"IN",0.0912355769856153,2002
"KS",0.00250075631473529,2002
"KY",0.0037704896874613,2002
"LA",0.0108055207364157,2002
"MA",0.00304265204296612,2002
"MD",0.00463807202550786,2002
"ME",0.00160533136970896,2002
"MI",0.00753019785013914,2002
"MN",0.0105662279992469,2002
"MO",0.4379050148249,2002
"MS",0.00217814726927572,2002
"MT",0.00082153139536614,2002
"NC",0.0022557104518282,2002
"ND",0.00139874156822484,2002
"NE",0.00975296389951836,2002
"NH",0.00288563024706481,2002
"NJ",0.0101328180368368,2002
"NM",0.0010919147048202,2002
"NV",0.00136486187723812,2002
"NY",0.0127388057178417,2002
"OH",0.00895109482947152,2002
"OK",0.00228196796293139,2002
"OR",0.00220560550596286,2002
"PA",0.0255893203200541,2002
"PR",0.00547065224225716,2002
"RI",0.00980643659675009,2002
"SC",0.00243472661462639,2002
"SD",0.000943263160169999,2002
"TN",0.141295473583976,2002
"TX",0.0183092738423238,2002
"UT",0.00495418317414505,2002
"VA",0.00311825502358749,2002
"VI",0.000763627451484425,2002
"VT",0.00201434782723916,2002
"WA",0.00197541344074396,2002
"WI",0.00488368900025509,2002
"WV",0.00158473214391311,2002
"WY",0.000430219378207437,2002
"AK",0.0011849659841468,2003
"AL",0.00753719619249735,2003
"AR",0.00191080940097957,2003
"AZ",0.00166552833437874,2003
"CA",0.00500613582669327,2003
"CO",0.0102468202969706,2003
"CT",0.00252444444647158,2003
"DC",0.00265253520489191,2003
"DE",0.00469975066496782,2003
"FL",0.0374568300710335,2003
"GA",0.00271023546213893,2003
"HI",0.000804038291022627,2003
"IA",0.00359011037186952,2003
"ID",0.00105667692291228,2003
"IL",0.0209851780792453,2003
"IN",0.0896318059488736,2003
"KS",0.00231094936867437,2003
"KY",0.00343658863510327,2003
"LA",0.00209077539413537,2003
"MA",0.00314300693364579,2003
"MD",0.00336347517234617,2003
"ME",0.00150818051511814,2003
"MI",0.0088120404694925,2003
"MN",0.0046223399732631,2003
"MO",0.429155474621363,2003
"MS",0.00217358312874297,2003
"MT",0.000624695652701847,2003
"NC",0.00174777201986113,2003
"ND",0.00116652654588482,2003
"NE",0.00121572222623298,2003
"NH",0.00273550018781001,2003
"NJ",0.00586970354684546,2003
"NM",0.000861412475065945,2003
"NV",0.00103648936188968,2003
"NY",0.0124093063065222,2003
"OH",0.00754789158034612,2003
"OK",0.00175950930405774,2003
"OR",0.00182542207339927,2003
"PA",0.0271016261148604,2003
"PR",0.0016251536685035,2003
"RI",0.00451865904642546,2003
"SC",0.00252731394908102,2003
"SD",0.000868062283295919,2003
"TN",0.0953249824959969,2003
"TX",0.0210295870963176,2003
"UT",0.00534336567403828,2003
"VA",0.0030352125296147,2003
"VI",0.00048394160320023,2003
"VT",0.00162816537881871,2003
"WA",0.00205693430169673,2003
"WI",0.00456200118523498,2003
"WV",0.00167417909916136,2003
"WY",0.000339939849767606,2003
"AK",0.000691384134578235,2004
"AL",0.00976525594906828,2004
"AR",0.00167755667680742,2004
"AZ",0.00151739487988559,2004
"CA",0.00594784229281644,2004
"CO",0.00758839319177475,2004
"CT",0.00236383177279919,2004
"DC",0.00343384719304655,2004
"DE",0.00530506078563309,2004
"FL",0.0468784666909946,2004
"GA",0.00251105379974036,2004
"HI",0.000579647958496463,2004
"IA",0.00334923581244548,2004
"ID",0.000996242937935933,2004
"IL",0.0170719268346158,2004
"IN",0.249391637044657,2004
"KS",0.00218925742878302,2004
"KY",0.00312398120646053,2004
"LA",0.00350620289946032,2004
"MA",0.00352577839479889,2004
"MD",0.00369252251719215,2004
"ME",0.00167719444131459,2004
"MI",0.00745080373467068,2004
"MN",0.00630585140003657,2004
"MO",0.622441204470513,2004
"MS",0.00264323040790264,2004
"MT",0.00074882527904089,2004
"NC",0.00194731132070853,2004
"ND",0.00101987315301466,2004
"NE",0.00142078623784156,2004
"NH",0.00228815600356928,2004
"NJ",0.00791102546818231,2004
"NM",0.000737172696852464,2004
"NV",0.00136275280525392,2004
"NY",0.014124781597337,2004
"OH",0.00861179899143075,2004
"OK",0.00155556875871315,2004
"OR",0.00224319635235417,2004
"PA",0.0247165159064966,2004
"PR",0.000866470586761887,2004
"RI",0.00411300802669342,2004
"SC",0.00236124536348113,2004
"SD",0.000913807946955592,2004
"TN",0.0387712081405491,2004
"TX",0.0191192762120776,2004
"UT",0.00478620407698182,2004
"VA",0.00339288152048166,2004
"VI",0.00209090278154791,2004
"VT",0.00187372780697229,2004
"WA",0.00208693109046593,2004
"WI",0.0045644270549019,2004
"WV",0.00266285713235787,2004
"WY",0.000509775474538417,2004
"AK",0.000677130101431263,2005
"AL",0.0299551944509442,2005
"AR",0.00195367284084815,2005
"AZ",0.00185632711403233,2005
"CA",0.0053463962815728,2005
"CO",0.0165291851884192,2005
"CT",0.00256715686369788,2005
"DC",0.00397603875218694,2005
"DE",0.00747664643896338,2005
"FL",0.0377544007928598,2005
"GA",0.00253215917070913,2005
"HI",0.000748871731975932,2005
"IA",0.00371277524111666,2005
"ID",0.00121828402798039,2005
"IL",0.0167415510617941,2005
"IN",0.157357362687393,2005
"KS",0.00226296236379266,2005
"KY",0.00404419843577925,2005
"LA",0.00307409055118561,2005
"MA",0.0032964571046457,2005
"MD",0.00426484849357979,2005
"ME",0.00154857550396083,2005
"MI",0.00933382850885471,2005
"MN",0.00530736161212617,2005
"MO",0.6246750961528,2005
"MS",0.00427166418991562,2005
"MT",0.000811483682758644,2005
"NC",0.00246681770144598,2005
"ND",0.00120881209147757,2005
"NE",0.00169534675561252,2005
"NH",0.00228037022847495,2005
"NJ",0.01318423328976,2005
"NM",0.000737180976644857,2005
"NV",0.00136221790064424,2005
"NY",0.00664467781815297,2005
"OH",0.00928488320388573,2005
"OK",0.0128791161182131,2005
"OR",0.00285294018849421,2005
"PA",0.0279992343657444,2005
"PR",0.00234155266465249,2005
"RI",0.0180972647869672,2005
"SC",0.00219103265594027,2005
"SD",0.000960599997585329,2005
"TN",0.037707205801289,2005
"TX",0.0265989373592388,2005
"UT",0.0039212120159209,2005
"VA",0.00368100632084595,2005
"VI",0.00481621627788938,2005
"VT",0.00175426264906937,2005
"WA",0.00239567190312916,2005
"WI",0.00607474707942618,2005
"WV",0.00410802481230642,2005
"WY",0.000471119137143797,2005
"AK",0.000979036146319746,2006
"AL",0.060822487121502,2006
"AR",0.00176134680207507,2006
"AZ",0.00223721576530629,2006
"CA",0.00410370241915818,2006
"CO",0.0057391567199135,2006
"CT",0.00241230768793125,2006
"DC",0.00315116654198928,2006
"DE",0.0063456134740508,2006
"FL",0.0354428763965547,2006
"GA",0.00296935361528019,2006
"HI",0.00110598952946425,2006
"IA",0.00369759825291239,2006
"ID",0.0016980481375585,2006
"IL",0.0156695534080322,2006
"IN",0.170837526514216,2006
"KS",0.00241267442211769,2006
"KY",0.00571283102332324,2006
"LA",0.00284525957948082,2006
"MA",0.00265313926053682,2006
"MD",0.00374385014636465,2006
"ME",0.00161895425080016,2006
"MI",0.00926919513322712,2006
"MN",0.0130646511786417,2006
"MO",0.720943876281768,2006
"MS",0.00424634312832762,2006
"MT",0.000769770468400862,2006
"NC",0.00282743243188871,2006
"ND",0.00123444444091772,2006
"NE",0.0016463425936982,2006
"NH",0.00204092105934506,2006
"NJ",0.0116945703715423,2006
"NM",0.00067822678253786,2006
"NV",0.00150038647361154,2006
"NY",0.00944268874074279,2006
"OH",0.00851988696396236,2006
"OK",0.00227510220861482,2006
"OR",0.0018886679268199,2006
"PA",0.0265262072850422,2006
"PR",0.00122212558461696,2006
"RI",0.00452307233170201,2006
"SC",0.00190737467455204,2006
"SD",0.000991103457987453,2006
"TN",0.0393638788595952,2006
"TX",0.0283775248287786,2006
"UT",0.00167023275465323,2006
"VA",0.00367178785096264,2006
"VI",0.00104537815047074,2006
"VT",0.00183298252918531,2006
"WA",0.00163904859542356,2006
"WI",0.00532161745113752,2006
"WV",0.00486824293361643,2006
"WY",0.00048173432300098,2006
"AK",0.000705933251665826,2007
"AL",0.161151640223136,2007
"AR",0.00139897526966864,2007
"AZ",0.00390868361286319,2007
"CA",0.00784061338829063,2007
"CO",0.00129661838794668,2007
"CT",0.00170731481941604,2007
"DC",0.00300218315295928,2007
"DE",0.00556958327124448,2007
"FL",0.0545696818091421,2007
"GA",0.0019749927297415,2007
"HI",0.000554287904979783,2007
"IA",0.0038368680103442,2007
"ID",0.00142728892686052,2007
"IL",0.0178582353637195,2007
"IN",0.146372308310009,2007
"KS",0.00172003503229702,2007
"KY",0.00551877730502318,2007
"LA",0.00311411555387023,2007
"MA",0.00221753976298329,2007
"MD",0.00274932835415725,2007
"ME",0.00143595989142247,2007
"MI",0.00659665051396526,2007
"MN",0.0220766864127099,2007
"MO",0.686690596194015,2007
"MS",0.00185759997941204,2007
"MT",0.000627654032422359,2007
"NC",0.00132214682991325,2007
"ND",0.000832416917810433,2007
"NE",0.00124995192870231,2007
"NH",0.00132807453552254,2007
"NJ",0.00263560023830012,2007
"NM",0.000636042189748528,2007
"NV",0.000999747478724175,2007
"NY",0.0068189456233649,2007
"OH",0.00591349174487544,2007
"OK",0.00533290812515956,2007
"OR",0.00157710504599174,2007
"PA",0.0213188527512344,2007
"PR",0.0069867198609493,2007
"RI",0.00312739540125525,2007
"SC",0.00169869145033716,2007
"SD",0.00080323944028248,2007
"TN",0.0413195552388825,2007
"TX",0.0281465396341115,2007
"UT",0.00147246412708687,2007
"VA",0.00337999050135099,2007
"VI",0.000924999999153356,2007
"VT",0.00132661359421389,2007
"WA",0.00148477663571503,2007
"WI",0.00314434293492089,2007
"WV",0.00393440414231631,2007
"WY",0.000516955688262003,2007
"AK",0.000656413711722732,2008
"AL",0.0999222952721536,2008
"AR",0.0013283391035342,2008
"AZ",0.00537230264115193,2008
"CA",0.0578983002383208,2008
"CO",0.0012107040812926,2008
"CT",0.00161904977237894,2008
"DC",0.00242719447683405,2008
"DE",0.00192207503672387,2008
"FL",0.0432155133558852,2008
"GA",0.00208297120561601,2008
"HI",0.000655764046791337,2008
"IA",0.00290665236898817,2008
"ID",0.000608980882850131,2008
"IL",0.017816682549637,2008
"IN",0.165581344791861,2008
"KS",0.0018191056928339,2008
"KY",0.00409698142987191,2008
"LA",0.00185938709389208,2008
"MA",0.00260986183040465,2008
"MD",0.00215595667130677,2008
"ME",0.00145973902404525,2008
"MI",0.00560653234274122,2008
"MN",0.0242620392648689,2008
"MO",0.678479144616952,2008
"MS",0.00189533900438465,2008
"MT",0.000616917593600721,2008
"NC",0.00123867816008238,2008
"ND",0.000768279885695351,2008
"NE",0.00115756944622566,2008
"NH",0.00112433628717039,2008
"NJ",0.00232915634204722,2008
"NM",0.000741108642914868,2008
"NV",0.00117585958296926,2008
"NY",0.00758278033735263,2008
"OH",0.00582330322781873,2008
"OK",0.00464741543573663,2008
"OR",0.00138596227624559,2008
"PA",0.0226948515816003,2008
"PR",0.0242608661194228,2008
"RI",0.00267016969859153,2008
"SC",0.00195045449573046,2008
"SD",0.000729927799554327,2008
"TN",0.0317081566292305,2008
"TX",0.0416383644554774,2008
"UT",0.00107111390069011,2008
"VA",0.00311522552794663,2008
"VI",0.000627433629853309,2008
"VT",0.00129302344052462,2008
"WA",0.00130836455104917,2008
"WI",0.00283406279022184,2008
"WV",0.00383595191032707,2008
"WY",0.000488805974334776,2008
"AK",0.000633762828699282,2009
"AL",0.058847976896106,2009
"AR",0.00108719858277345,2009
"AZ",0.00143279880614051,2009
"CA",0.0277287900566908,2009
"CO",0.000902795622919356,2009
"CT",0.00162013824582518,2009
"DC",0.00192883876179722,2009
"DE",0.00327503300587554,2009
"FL",0.0212031867028689,2009
"GA",0.00258072083289356,2009
"HI",0.00117880531341421,2009
"IA",0.00828419870716856,2009
"ID",0.000522535210672084,2009
"IL",0.0145396342724439,2009
"IN",0.0549008883493891,2009
"KS",0.00171008432386769,2009
"KY",0.00327839612797396,2009
"LA",0.00163125654704459,2009
"MA",0.00198560675816685,2009
"MD",0.00188909420024214,2009
"ME",0.00124167832474703,2009
"MI",0.00522126079541705,2009
"MN",0.0156724245947425,2009
"MO",0.439100933664818,2009
"MS",0.00144503311356622,2009
"MT",0.000487776052330186,2009
"NC",0.00126900584388447,2009
"ND",0.000805954416271696,2009
"NE",0.00102800595504959,2009
"NH",0.000961085976391443,2009
"NJ",0.00201226345616339,2009
"NM",0.000868911512546373,2009
"NV",0.000610465686590674,2009
"NY",0.00670681501668192,2009
"OH",0.0142827883268874,2009
"OK",0.00208993481980493,2009
"OR",0.00161553461219579,2009
"PA",0.0172659418893958,2009
"RI",0.00215370645359479,2009
"SC",0.00147241491108545,2009
"SD",0.000577809187080119,2009
"TN",0.0196194039089572,2009
"TX",0.0279407019647463,2009
"UT",0.00116621108393697,2009
"VA",0.0031089916297183,2009
"VI",0.000546086962276604,2009
"VT",0.00123389920862191,2009
"WA",0.00146608954877112,2009
"WI",0.00271695155048353,2009
"WV",0.00354741931014625,2009
"WY",0.000345694203203792,2009
"AK",0.000783301207323906,2010
"AL",0.0949002351809212,2010
"AR",0.00133296296828323,2010
"AZ",0.00202149654074425,2010
"CA",0.0220036821348614,2010
"CO",0.00144866810479478,2010
"CT",0.00243732307601022,2010
"DC",0.00258940694581421,2010
"DE",0.00300708995654862,2010
"FL",0.0505391437262582,2010
"GA",0.00437926807632873,2010
"HI",0.000846350781487303,2010
"IA",0.0325830296935827,2010
"ID",0.000511575934736833,2010
"IL",0.0260036127742751,2010
"IN",0.0199859777392433,2010
"KS",0.0181004038303574,2010
"KY",0.00658264430054317,2010
"LA",0.00754271700440407,2010
"MA",0.00202719061791521,2010
"MD",0.00173218045485446,2010
"ME",0.00132820875055438,2010
"MI",0.012473300747858,2010
"MN",0.0107849074704074,2010
"MO",0.363437828517513,2010
"MS",0.00154544302780709,2010
"MT",0.000530205132173818,2010
"NC",0.00132770685202593,2010
"ND",0.000749036827370018,2010
"NE",0.0122219675834256,2010
"NH",0.00106000001010086,2010
"NJ",0.00157985840804321,2010
"NM",0.000627885576648451,2010
"NV",0.000674560976040084,2010
"NY",0.00672190222166166,2010
"OH",0.0284538773079382,2010
"OK",0.00308767511387312,2010
"OR",0.00198834186286328,2010
"PA",0.0307817434396601,2010
"PR",0.198714285849461,2010
"RI",0.00253553744635386,2010
"SC",0.00173255150662143,2010
"SD",0.000671337795040662,2010
"TN",0.0188822877584838,2010
"TX",0.0304799261301033,2010
"UT",0.00262672983487315,2010
"VA",0.0069022439245022,2010
"VI",0.000626666669995757,2010
"VT",0.00130153846353177,2010
"WA",0.00129439918177169,2010
"WI",0.0151946962417188,2010
"WV",0.00372539299104784,2010
"WY",0.000427377052554101,2010
"AK",0.00160462456146623,2011
"AL",0.0932898921338159,2011
"AR",0.00153402985295597,2011
"AZ",0.00955519949414694,2011
"CA",0.0261274514192525,2011
"CO",0.00177817104062237,2011
"CT",0.00254303954674287,2011
"DC",0.00202234330432174,2011
"DE",0.00270170976942668,2011
"FL",0.0470397169057742,2011
"GA",0.00324586640047263,2011
"HI",0.000312304349933149,2011
"IA",0.0193385169053899,2011
"ID",0.000633687316538776,2011
"IL",0.0187875869584985,2011
"IN",0.0224068288023944,2011
"KS",0.0161977248036579,2011
"KY",0.00819145778923626,2011
"LA",0.00734985044988969,2011
"MA",0.00232954169511383,2011
"MD",0.00178391892834928,2011
"ME",0.00126394161024687,2011
"MI",0.0105114452212554,2011
"MN",0.00657032364769142,2011
"MO",0.282336158050951,2011
"MS",0.00165244897256913,2011
"MT",0.000428195004524512,2011
"NC",0.00116477787316525,2011
"ND",0.000671461987255035,2011
"NE",0.00816961630933323,2011
"NH",0.00128226745337722,2011
"NJ",0.00159800737317146,2011
"NM",0.000666081734581125,2011
"NV",0.000767117113256874,2011
"NY",0.0203012110678291,2011
"OH",0.0153081995780745,2011
"OK",0.00429225498282315,2011
"OR",0.0031152601285859,2011
"PA",0.0250176178876671,2011
"PR",0.134305555955507,2011
"RI",0.00230299552889396,2011
"SC",0.00396446910750865,2011
"SD",0.000681994134354367,2011
"TN",0.0250774371220965,2011
"TX",0.0262084911203298,2011
"UT",0.00413575172724361,2011
"VA",0.00465212138057924,2011
"VI",0.000543589745901931,2011
"VT",0.00116791489395992,2011
"WA",0.00118998833655438,2011
"WI",0.00752102048769102,2011
"WV",0.0032546388791841,2011
"WY",0.000373261457549488,2011
"AK",0.00581001088831608,2012
"AL",0.0762704754453964,2012
"AR",0.00202784648614137,2012
"AZ",0.00865620035971994,2012
"CA",0.0129011867700168,2012
"CO",0.0015301474536634,2012
"CT",0.00255488961779333,2012
"DC",0.00219170105254393,2012
"DE",0.00253462136748656,2012
"FL",0.0491537868178787,2012
"GA",0.0134310558284447,2012
"HI",0.000445102974314917,2012
"IA",0.0279321621979835,2012
"ID",0.000794757504188768,2012
"IL",0.0198941377046416,2012
"IN",0.0152946111248786,2012
"KS",0.0176506153729161,2012
"KY",0.0401370332431893,2012
"LA",0.00530619835856571,2012
"MA",0.00288736329298878,2012
"MD",0.00180403343020165,2012
"ME",0.00130206185748539,2012
"MI",0.00807444738897389,2012
"MN",0.00819330990423581,2012
"MO",0.185393825675516,2012
"MS",0.00180190475397727,2012
"MT",0.000404473272637858,2012
"NC",0.00125072830788843,2012
"ND",0.000598102409881049,2012
"NE",0.0104733398302968,2012
"NH",0.00140354067328638,2012
"NJ",0.00170747474761633,2012
"NM",0.000802964990303831,2012
"NV",0.000959111969351331,2012
"NY",0.00566982131059297,2012
"OH",0.0117407936530373,2012
"OK",0.00510855932873804,2012
"OR",0.00280895679147673,2012
"PA",0.0325233878321076,2012
"PR",0.13637795293425,2012
"RI",0.00286598873673053,2012
"SC",0.0040030189972293,2012
"SD",0.000577126098932429,2012
"TN",0.0234354689006214,2012
"TX",0.0196868521904416,2012
"UT",0.00360774464283063,2012
"VA",0.00512739866788111,2012
"VI",0.000452100841693889,2012
"VT",0.00109740368727149,2012
"WA",0.00332566276533032,2012
"WI",0.0113475962674239,2012
"WV",0.00417593420421087,2012
"WY",0.000400501320096031,2012
"AK",0.000544406332868925,2013
"AL",0.0228533899248881,2013
"AR",0.00136502127965325,2013
"AZ",0.00617311210819268,2013
"CA",0.0104496898897732,2013
"CO",0.00140644443967948,2013
"CT",0.00895251674958385,2013
"DC",0.00200836027945387,2013
"DE",0.00220918909672236,2013
"FL",0.0128107847562341,2013
"GA",0.00811066049881898,2013
"HI",0.000525952941542902,2013
"IA",0.0193514855581595,2013
"ID",0.000774653465344786,2013
"IL",0.0213019703205882,2013
"IN",0.00831749769211943,2013
"KS",0.0222161763663414,2013
"KY",0.00622025343993846,2013
"LA",0.00812908027610373,2013
"MA",0.00157135402985578,2013
"MD",0.00150968504831588,2013
"ME",0.000956119405133511,2013
"MI",0.00948189855723358,2013
"MN",0.00820538412064491,2013
"MO",0.0819924375655862,2013
"MS",0.00267571428017358,2013
"MT",0.000378861539401651,2013
"NC",0.00104786728109917,2013
"ND",0.000527044025182236,2013
"NE",0.0110276136037734,2013
"NH",0.0011217156896629,2013
"NJ",0.00228293030493784,2013
"NM",0.000628634888470932,2013
"NV",0.000882785572717759,2013
"NY",0.00559466364238518,2013
"OH",0.00987271645820937,2013
"OK",0.00438061706381238,2013
"OR",0.00131636999311496,2013
"PA",0.0197224227370107,2013
"PR",0.338576776823134,2013
"RI",0.00275843654992948,2013
"SC",0.00671109364314607,2013
"SD",0.000518496933176598,2013
"TN",0.016762246001774,2013
"TX",0.00820018955271056,2013
"UT",0.00442162971933704,2013
"VA",0.00513274282793383,2013
"VI",0.000363063067525546,2013
"VT",0.000905681383322219,2013
"WA",0.00091840648299849,2013
"WI",0.00924483738601229,2013
"WV",0.00390536589173177,2013
"WY",0.000393869281848025,2013
"AK",0.000588322663118883,2014
"AL",0.0125674620141634,2014
"AR",0.0011244911512761,2014
"AZ",0.00746938811232457,2014
"CA",0.00654520195860245,2014
"CO",0.00134103071962586,2014
"CT",0.00219349674955166,2014
"DC",0.0021016483371456,2014
"DE",0.00158905881736941,2014
"FL",0.00652443398658127,2014
"GA",0.00113848678871756,2014
"HI",0.000574000001021583,2014
"IA",0.0190321061823843,2014
"ID",0.000635714284431916,2014
"IL",0.0449167003841469,2014
"IN",0.0131159404182393,2014
"KS",0.0224866841450884,2014
"KY",0.00561161656960895,2014
"LA",0.00441951550701631,2014
"MA",0.0013829203524141,2014
"MD",0.0012706666685214,2014
"ME",0.00098110465246781,2014
"MI",0.00600504888104536,2014
"MN",0.0075624330660253,2014
"MO",0.030728007283096,2014
"MS",0.00280228569653922,2014
"MT",0.000371112783034192,2014
"NC",0.000977467532051441,2014
"ND",0.000434375000188745,2014
"NE",0.0065885010464924,2014
"NH",0.000994588536730163,2014
"NJ",0.00181922971731676,2014
"NM",0.000582040173130986,2014
"NV",0.000983534136128539,2014
"NY",0.00303572616860345,2014
"OH",0.00951319807468923,2014
"OK",0.00413015311761145,2014
"OR",0.000930775702194597,2014
"PA",0.0145049153856628,2014
"PR",0.177221014974234,2014
"RI",0.00295442831713596,2014
"SC",0.0115847892838812,2014
"SD",0.000419704141074615,2014
"TN",0.010493113909063,2014
"TX",0.0035503114805995,2014
"UT",0.00317680895242352,2014
"VA",0.00227006551528525,2014
"VI",0.000555454546239079,2014
"VT",0.000877980394280338,2014
"WA",0.000868334498290721,2014
"WI",0.0103381286261391,2014
"WV",0.00385495750818046,2014
"WY",0.000306170215052963,2014
"AK",0.000493243700964572,2015
"AL",0.0142074894159806,2015
"AR",0.00105184210943144,2015
"AZ",0.00615019040652152,2015
"CA",0.00513505678900412,2015
"CO",0.000528646298810931,2015
"CT",0.00201349651783508,2015
"DC",0.00219619290276905,2015
"DE",0.00278414901383846,2015
"FL",0.00598798209739967,2015
"GA",0.00548247190212761,2015
"HI",0.000765012227022858,2015
"IA",0.0167226159638312,2015
"ID",0.000616528734425283,2015
"IL",0.0140783505274097,2015
"IN",0.0165035059359155,2015
"KS",0.014631835670402,2015
"KY",0.0101152604819187,2015
"LA",0.0015026506011361,2015
"MA",0.00177531984122094,2015
"MD",0.00168666667303537,2015
"ME",0.000930911681736165,2015
"MI",0.0075316754270131,2015
"MN",0.00967065252821097,2015
"MO",0.0202366535218919,2015
"MS",0.00249492463111133,2015
"MT",0.000373218575448414,2015
"NC",0.0011770517925697,2015
"ND",0.000660140844431712,2015
"NE",0.00599133084804413,2015
"NH",0.00121051345112434,2015
"NJ",0.00196551302326062,2015
"NM",0.000611722512212271,2015
"NV",0.00123349514109471,2015
"NY",0.00411172054993045,2015
"OH",0.0086170956318916,2015
"OK",0.00337055757503109,2015
"OR",0.00136195331938945,2015
"PA",0.0102065547154718,2015
"PR",0.07879746880064,2015
"RI",0.0031622369867587,2015
"SC",0.0117193826251305,2015
"SD",0.000654447671771523,2015
"TN",0.00938737035245402,2015
"TX",0.00313790602754068,2015
"UT",0.00424075646688899,2015
"VA",0.00290637907144525,2015
"VI",0.000485137615473289,2015
"VT",0.00106268514726181,2015
"WA",0.000945995639923705,2015
"WI",0.00579492627927812,2015
"WV",0.00349386109679919,2015
"WY",0.000336689849301796,2015
"AK",0.000940831950693533,2016
"AL",0.0172893396425396,2016
"AR",0.00173407658268581,2016
"AZ",0.00977138878895181,2016
"CA",0.00538982602046912,2016
"CO",0.000771936720394706,2016
"CT",0.00241022221513655,2016
"DC",0.00358537731811108,2016
"DE",0.00453869006537829,2016
"FL",0.00657388755985828,2016
"GA",0.0111946141791905,2016
"HI",0.00111533632374092,2016
"IA",0.0176953988981017,2016
"ID",0.00121526838620208,2016
"IL",0.0100563477984649,2016
"IN",0.00965781548251789,2016
"KS",0.0255858132203404,2016
"KY",0.0070067594680596,2016
"LA",0.00220153846308894,2016
"MA",0.00251676045207445,2016
"MD",0.00285946860581376,2016
"ME",0.000796153847993557,2016
"MI",0.00775182470644776,2016
"MN",0.00951445429493756,2016
"MO",0.0193157515165578,2016
"MS",0.00350754838680939,2016
"MT",0.000686972685359661,2016
"NC",0.00208207299201737,2016
"ND",0.00122935859693369,2016
"NE",0.00627885722639697,2016
"NH",0.00108510256833166,2016
"NJ",0.00396299999691461,2016
"NM",0.000749515788530085,2016
"NV",0.00195364948462175,2016
"NY",0.00545716037752074,2016
"OH",0.0111127186765166,2016
"OK",0.00443105400958404,2016
"OR",0.00358120297890814,2016
"PA",0.0105440120834632,2016
"PR",0.0183510684791821,2016
"RI",0.00369685493413791,2016
"SC",0.0137837106891832,2016
"SD",0.00115892857031343,2016
"TN",0.0114464212922346,2016
"TX",0.00316341395518012,2016
"UT",0.00422319899417535,2016
"VA",0.00376577649404643,2016
"VI",0.000487352943737813,2016
"VT",0.00136707429778635,2016
"WA",0.00152340154812747,2016
"WI",0.00977532755418256,2016
"WV",0.00449585503131624,2016
"WY",0.00063558558790496,2016
"AK",0.000823959108893989,2017
"AL",0.0148651869422711,2017
"AR",0.0016579142932356,2017
"AZ",0.0140657243940517,2017
"CA",0.00486403026951295,2017
"CO",0.000738834217853896,2017
"CT",0.0021793305531292,2017
"DC",0.0032317475907493,2017
"DE",0.00363006488684043,2017
"FL",0.0080607947102668,2017
"GA",0.00571935628604807,2017
"HI",0.00128907029460701,2017
"IA",0.0121126814516145,2017
"ID",0.00103244956657264,2017
"IL",0.00796474931643153,2017
"IN",0.0101646728484995,2017
"KS",0.0170377299485479,2017
"KY",0.00560612307425873,2017
"LA",0.0128131182526485,2017
"MA",0.0023934108869473,2017
"MD",0.00221454326985028,2017
"ME",0.00087077702890973,2017
"MI",0.00673487231665755,2017
"MN",0.00877237035441762,2017
"MO",0.0616230292800522,2017
"MS",0.00362726495101621,2017
"MT",0.000563742138054741,2017
"NC",0.00208993835808199,2017
"ND",0.00114576703940243,2017
"NE",0.00539562824870457,2017
"NH",0.000832103746408068,2017
"NJ",0.00292999999680623,2017
"NM",0.000793270565092259,2017
"NV",0.00225023256573148,2017
"NY",0.00364565169467954,2017
"OH",0.0134175657521997,2017
"OK",0.0040676408825675,2017
"OR",0.00124648804619748,2017
"PA",0.00899292781825278,2017
"PR",0.0283063492880458,2017
"RI",0.00324711541143901,2017
"SC",0.0122297224361632,2017
"SD",0.00121650969164757,2017
"TN",0.00943753516549363,2017
"TX",0.00338588962933926,2017
"UT",0.00405585573329662,2017
"VA",0.00320578565370654,2017
"VI",0.000519402984550584,2017
"VT",0.00126587853210155,2017
"WA",0.00155549718528536,2017
"WI",0.00446532799485333,2017
"WV",0.00426436132347162,2017
"WY",0.000698601824813876,2017
"AK",0.000888020130576894,2018
"AL",0.0145964881141936,2018
"AR",0.00155843372757805,2018
"AZ",0.0122416090691166,2018
"CA",0.00504943919029093,2018
"CO",0.000808045186425227,2018
"CT",0.00229447698836175,2018
"DC",0.00282430104112923,2018
"DE",0.0028378467977177,2018
"FL",0.00780570354759539,2018
"GA",0.00631773314882412,2018
"HI",0.00101759213601067,2018
"IA",0.0130127585876709,2018
"ID",0.00139083076945658,2018
"IL",0.0838698032084172,2018
"IN",0.0246797646997722,2018
"KS",0.00851464899117464,2018
"KY",0.01872900997029,2018
"LA",0.0142642216111147,2018
"MA",0.00215372317819806,2018
"MD",0.00278187861605184,2018
"ME",0.000776148411581223,2018
"MI",0.00804664605898063,2018
"MN",0.00734229902949783,2018
"MO",0.0546211086612695,2018
"MS",0.00346457625580685,2018
"MT",0.000580801924139872,2018
"NC",0.00188209266230296,2018
"ND",0.00130842856686546,2018
"NE",0.00473293920828616,2018
"NH",0.000786657144053606,2018
"NJ",0.00333332853623129,2018
"NM",0.000719096510373557,2018
"NV",0.00224416489533318,2018
"NY",0.00321617037255633,2018
"OH",0.0142336571602285,2018
"OK",0.00407073683636587,2018
"OR",0.00118070431947297,2018
"PA",0.0102861924968318,2018
"PR",0.0338730073032649,2018
"RI",0.00268971347674069,2018
"SC",0.0175128502439622,2018
"SD",0.00134067226834161,2018
"TN",0.00801627551694158,2018
"TX",0.00423375148083604,2018
"UT",0.00179833185367477,2018
"VA",0.00282744784637647,2018
"VI",0,2018
"VT",0.00126941254245256,2018
"WA",0.00158994303256856,2018
"WI",0.00316086214601808,2018
"WV",0.00318635690395876,2018
"WY",0.000656946900847001,2018
