"","id","time","name","lat","long","radious"
"1","2006329N06150",2006-11-24 12:00:00,"DURIAN",6.1,149.8,NA
"2","2006329N06150",2006-11-24 15:00:00,"DURIAN",6.2101,149.292,NA
"3","2006329N06150",2006-11-24 18:00:00,"DURIAN",6.4,148.8,NA
"4","2006329N06150",2006-11-24 21:00:00,"DURIAN",6.71996,148.335,NA
"5","2006329N06150",2006-11-25 00:00:00,"DURIAN",7.1,147.9,NA
"6","2006329N06150",2006-11-25 03:00:00,"DURIAN",7.46492,147.5,NA
"7","2006329N06150",2006-11-25 06:00:00,"DURIAN",8.4,147.133,NA
"8","2006329N06150",2006-11-25 09:00:00,"DURIAN",8.79325,146.64,NA
"9","2006329N06150",2006-11-25 12:00:00,"DURIAN",9.02,146.14,NA
"10","2006329N06150",2006-11-25 15:00:00,"DURIAN",9.22732,145.696,NA
"11","2006329N06150",2006-11-25 18:00:00,"DURIAN",9.36154,145.262,NA
"12","2006329N06150",2006-11-25 21:00:00,"DURIAN",9.56177,144.714,NA
"13","2006329N06150",2006-11-26 00:00:00,"DURIAN",9.76,144.107,NA
"14","2006329N06150",2006-11-26 03:00:00,"DURIAN",9.88498,143.471,NA
"15","2006329N06150",2006-11-26 06:00:00,"DURIAN",9.975,142.825,NA
"16","2006329N06150",2006-11-26 09:00:00,"DURIAN",10.0699,142.231,NA
"17","2006329N06150",2006-11-26 12:00:00,"DURIAN",10.15,141.675,32.5
"18","2006329N06150",2006-11-26 15:00:00,"DURIAN",10.2218,141.137,32.5
"19","2006329N06150",2006-11-26 18:00:00,"DURIAN",10.275,140.625,32.5
"20","2006329N06150",2006-11-26 21:00:00,"DURIAN",10.2943,140.128,32.5
"21","2006329N06150",2006-11-27 00:00:00,"DURIAN",10.325,139.65,32.5
"22","2006329N06150",2006-11-27 03:00:00,"DURIAN",10.4155,139.195,38.75
"23","2006329N06150",2006-11-27 06:00:00,"DURIAN",10.525,138.725,45
"24","2006329N06150",2006-11-27 09:00:00,"DURIAN",10.618,138.223,46
"25","2006329N06150",2006-11-27 12:00:00,"DURIAN",10.7,137.65,47.5
"26","2006329N06150",2006-11-27 15:00:00,"DURIAN",10.7398,136.995,51.75
"27","2006329N06150",2006-11-27 18:00:00,"DURIAN",10.825,136.25,56.25
"28","2006329N06150",2006-11-27 21:00:00,"DURIAN",11.0326,135.418,57.75
"29","2006329N06150",2006-11-28 00:00:00,"DURIAN",11.3,134.575,60
"30","2006329N06150",2006-11-28 03:00:00,"DURIAN",11.5715,133.826,61.5
"31","2006329N06150",2006-11-28 06:00:00,"DURIAN",11.825,133.1,63.75
"32","2006329N06150",2006-11-28 09:00:00,"DURIAN",12.0092,132.337,65.25
"33","2006329N06150",2006-11-28 12:00:00,"DURIAN",12.175,131.575,67.5
"34","2006329N06150",2006-11-28 15:00:00,"DURIAN",12.3748,130.836,74.5
"35","2006329N06150",2006-11-28 18:00:00,"DURIAN",12.575,130.1,82.5
"36","2006329N06150",2006-11-28 21:00:00,"DURIAN",12.763,129.337,89.75
"37","2006329N06150",2006-11-29 00:00:00,"DURIAN",12.925,128.6,97.5
"38","2006329N06150",2006-11-29 03:00:00,"DURIAN",13.0543,127.909,109.25
"39","2006329N06150",2006-11-29 06:00:00,"DURIAN",13.15,127.3,121.25
"40","2006329N06150",2006-11-29 09:00:00,"DURIAN",13.2216,126.799,121.75
"41","2006329N06150",2006-11-29 12:00:00,"DURIAN",13.275,126.35,122.5
"42","2006329N06150",2006-11-29 15:00:00,"DURIAN",13.3325,125.864,121
"43","2006329N06150",2006-11-29 18:00:00,"DURIAN",13.375,125.4,120
"44","2006329N06150",2006-11-29 21:00:00,"DURIAN",13.3929,125.007,117.5
"45","2006329N06150",2006-11-30 00:00:00,"DURIAN",13.4,124.6,115
"46","2006329N06150",2006-11-30 03:00:00,"DURIAN",13.4087,124.101,116.25
"47","2006329N06150",2006-11-30 06:00:00,"DURIAN",13.425,123.55,117.5
"48","2006329N06150",2006-11-30 09:00:00,"DURIAN",13.4643,122.986,113.75
"49","2006329N06150",2006-11-30 12:00:00,"DURIAN",13.5,122.4,110
"50","2006329N06150",2006-11-30 15:00:00,"DURIAN",13.4999,121.798,110
"51","2006329N06150",2006-11-30 18:00:00,"DURIAN",13.5,121.2,110
"52","2006329N06150",2006-11-30 21:00:00,"DURIAN",13.5375,120.606,101.5
"53","2006329N06150",2006-12-01 00:00:00,"DURIAN",13.575,120.075,93.75
"54","2006329N06150",2006-12-01 03:00:00,"DURIAN",13.5823,119.656,100.25
"55","2006329N06150",2006-12-01 06:00:00,"DURIAN",13.575,119.3,107.5
"56","2006329N06150",2006-12-01 09:00:00,"DURIAN",13.5643,118.956,101.25
"57","2006329N06150",2006-12-01 12:00:00,"DURIAN",13.55,118.6,95
"58","2006329N06150",2006-12-01 15:00:00,"DURIAN",13.5281,118.181,95
"59","2006329N06150",2006-12-01 18:00:00,"DURIAN",13.525,117.75,95
"60","2006329N06150",2006-12-01 21:00:00,"DURIAN",13.5675,117.346,93.5
"61","2006329N06150",2006-12-02 00:00:00,"DURIAN",13.625,116.975,92.5
"62","2006329N06150",2006-12-02 03:00:00,"DURIAN",13.6567,116.662,89.5
"63","2006329N06150",2006-12-02 06:00:00,"DURIAN",13.7,116.35,87.5
"64","2006329N06150",2006-12-02 09:00:00,"DURIAN",13.7912,115.983,87.5
"65","2006329N06150",2006-12-02 12:00:00,"DURIAN",13.875,115.575,87.5
"66","2006329N06150",2006-12-02 15:00:00,"DURIAN",13.9063,115.121,92.5
"67","2006329N06150",2006-12-02 18:00:00,"DURIAN",13.9,114.675,97.5
"68","2006329N06150",2006-12-02 21:00:00,"DURIAN",13.8718,114.297,94.25
"69","2006329N06150",2006-12-03 00:00:00,"DURIAN",13.825,113.95,91.25
"70","2006329N06150",2006-12-03 03:00:00,"DURIAN",13.7881,113.583,94.25
"71","2006329N06150",2006-12-03 06:00:00,"DURIAN",13.725,113.25,97.5
"72","2006329N06150",2006-12-03 09:00:00,"DURIAN",13.6205,113,97.5
"73","2006329N06150",2006-12-03 12:00:00,"DURIAN",13.475,112.75,97.5
"74","2006329N06150",2006-12-03 15:00:00,"DURIAN",13.31,112.419,93.5
"75","2006329N06150",2006-12-03 18:00:00,"DURIAN",13.1,112.05,90
"76","2006329N06150",2006-12-03 21:00:00,"DURIAN",12.8605,111.688,86.25
"77","2006329N06150",2006-12-04 00:00:00,"DURIAN",12.55,111.3,82.5
"78","2006329N06150",2006-12-04 03:00:00,"DURIAN",12.14,110.868,72.25
"79","2006329N06150",2006-12-04 06:00:00,"DURIAN",11.7,110.425,62.5
"80","2006329N06150",2006-12-04 09:00:00,"DURIAN",11.3004,110.041,64
"81","2006329N06150",2006-12-04 12:00:00,"DURIAN",10.95,109.6,66.25
"82","2006329N06150",2006-12-04 15:00:00,"DURIAN",10.6631,109.013,71
"83","2006329N06150",2006-12-04 18:00:00,"DURIAN",10.425,108.35,76.25
"84","2006329N06150",2006-12-04 21:00:00,"DURIAN",10.2311,107.693,76.25
"85","2006329N06150",2006-12-05 00:00:00,"DURIAN",10,107.014,76.25
"86","2006329N06150",2006-12-05 03:00:00,"DURIAN",9.62685,106.352,67.75
"87","2006329N06150",2006-12-05 06:00:00,"DURIAN",9.21,105.61,60
"88","2006329N06150",2006-12-05 09:00:00,"DURIAN",8.84286,104.59,60
"89","2006329N06150",2006-12-05 12:00:00,"DURIAN",8.65,103.6,60
"90","2006329N06150",2006-12-05 15:00:00,"DURIAN",8.73581,102.782,NA
"91","2006329N06150",2006-12-05 18:00:00,"DURIAN",8.9,102.1,NA
"92","2006329N06150",2006-12-05 21:00:00,"DURIAN",8.9969,101.391,NA
"93","2006329N06150",2006-12-06 00:00:00,"DURIAN",9.1,100.72,NA
"94","2006329N06150",2006-12-06 03:00:00,"DURIAN",9.24984,100.22,NA
"95","2006329N06150",2006-12-06 06:00:00,"DURIAN",9.5,99.5,NA
"96","2006329N06150",2006-12-06 09:00:00,"DURIAN",9.71487,98.8199,NA
"97","2006329N06150",2006-12-06 12:00:00,"DURIAN",9.9,98.2,NA
"98","2006329N06150",2006-12-06 15:00:00,"DURIAN",10.0647,97.6574,NA
"99","2006329N06150",2006-12-06 18:00:00,"DURIAN",10.2,97.1,NA
"100","2006329N06150",2006-12-06 21:00:00,"DURIAN",10.3001,96.4074,NA
"101","2006329N06150",2006-12-07 00:00:00,"DURIAN",10.4,95.7,NA
"102","2006329N06150",2006-12-07 03:00:00,"DURIAN",10.5648,95.0776,NA
"103","2006329N06150",2006-12-07 06:00:00,"DURIAN",10.7,94.5,NA
"104","2006329N06150",2006-12-07 09:00:00,"DURIAN",10.7223,93.9499,NA
"105","2006329N06150",2006-12-07 12:00:00,"DURIAN",10.7,93.4,NA
"106","2006329N06150",2006-12-07 15:00:00,"DURIAN",10.7,92.7925,NA
"107","2006329N06150",2006-12-07 18:00:00,"DURIAN",10.7,92.2,NA
"108","2006329N06150",2006-12-07 21:00:00,"DURIAN",10.6922,91.7149,NA
"109","2006329N06150",2006-12-08 00:00:00,"DURIAN",10.7,91.2,NA
"110","2006329N06150",2006-12-08 03:00:00,"DURIAN",10.7427,90.5075,NA
"111","2006329N06150",2006-12-08 06:00:00,"DURIAN",10.8,89.8,NA
"112","2006329N06150",2006-12-08 09:00:00,"DURIAN",10.8421,89.2499,NA
"113","2006329N06150",2006-12-08 12:00:00,"DURIAN",10.9,88.7,NA
"114","2006329N06150",2006-12-08 15:00:00,"DURIAN",11,88.0151,NA
"115","2006329N06150",2006-12-08 18:00:00,"DURIAN",11.1,87.3,NA
"116","2006329N06150",2006-12-08 21:00:00,"DURIAN",11.1497,86.6574,NA
"117","2006329N06150",2006-12-09 00:00:00,"DURIAN",11.2,86,NA
"118","2006329N06150",2006-12-09 03:00:00,"DURIAN",11.3001,85.2426,NA
"119","2006329N06150",2006-12-09 06:00:00,"DURIAN",11.4,84.5,NA
"120","2006329N06150",2006-12-09 09:00:00,"DURIAN",11.4496,83.8998,NA
"121","2006329N06150",2006-12-09 12:00:00,"DURIAN",11.5,83.3,NA
"122","2006329N06150",2006-12-09 15:00:00,"DURIAN",11.5881,82.5877,NA
"123","2006329N06150",2006-12-09 18:00:00,"DURIAN",11.7,81.8,NA
"124","2008169N08135",2008-06-17 06:00:00,"FENGSHEN",7.5,135.1,NA
"125","2008169N08135",2008-06-17 09:00:00,"FENGSHEN",7.64253,134.85,NA
"126","2008169N08135",2008-06-17 12:00:00,"FENGSHEN",7.8,134.6,NA
"127","2008169N08135",2008-06-17 15:00:00,"FENGSHEN",7.98499,134.35,NA
"128","2008169N08135",2008-06-17 18:00:00,"FENGSHEN",8.26667,134.133,NA
"129","2008169N08135",2008-06-17 21:00:00,"FENGSHEN",8.48194,133.811,NA
"130","2008169N08135",2008-06-18 00:00:00,"FENGSHEN",8.67,133.48,NA
"131","2008169N08135",2008-06-18 03:00:00,"FENGSHEN",8.85244,133.192,NA
"132","2008169N08135",2008-06-18 06:00:00,"FENGSHEN",9.03333,132.933,NA
"133","2008169N08135",2008-06-18 09:00:00,"FENGSHEN",9.19079,132.651,NA
"134","2008169N08135",2008-06-18 12:00:00,"FENGSHEN",9.31538,132.385,NA
"135","2008169N08135",2008-06-18 15:00:00,"FENGSHEN",9.45362,132.02,NA
"136","2008169N08135",2008-06-18 18:00:00,"FENGSHEN",9.58,131.633,NA
"137","2008169N08135",2008-06-18 21:00:00,"FENGSHEN",9.66923,131.315,NA
"138","2008169N08135",2008-06-19 00:00:00,"FENGSHEN",9.775,130.95,41.25
"139","2008169N08135",2008-06-19 03:00:00,"FENGSHEN",9.95877,130.453,49
"140","2008169N08135",2008-06-19 06:00:00,"FENGSHEN",10.15,129.9,57.5
"141","2008169N08135",2008-06-19 09:00:00,"FENGSHEN",10.2786,129.368,57.5
"142","2008169N08135",2008-06-19 12:00:00,"FENGSHEN",10.4,128.825,57.5
"143","2008169N08135",2008-06-19 15:00:00,"FENGSHEN",10.5549,128.264,57.75
"144","2008169N08135",2008-06-19 18:00:00,"FENGSHEN",10.725,127.7,58.75
"145","2008169N08135",2008-06-19 21:00:00,"FENGSHEN",10.8924,127.157,57
"146","2008169N08135",2008-06-20 00:00:00,"FENGSHEN",11.075,126.6,56.25
"147","2008169N08135",2008-06-20 03:00:00,"FENGSHEN",11.3025,125.989,64.75
"148","2008169N08135",2008-06-20 06:00:00,"FENGSHEN",11.5,125.375,73.75
"149","2008169N08135",2008-06-20 09:00:00,"FENGSHEN",11.6031,124.777,77.25
"150","2008169N08135",2008-06-20 12:00:00,"FENGSHEN",11.65,124.25,81.25
"151","2008169N08135",2008-06-20 15:00:00,"FENGSHEN",11.6711,123.849,81.25
"152","2008169N08135",2008-06-20 18:00:00,"FENGSHEN",11.7,123.5,81.25
"153","2008169N08135",2008-06-20 21:00:00,"FENGSHEN",11.7775,123.092,83.25
"154","2008169N08135",2008-06-21 00:00:00,"FENGSHEN",11.9,122.725,86.25
"155","2008169N08135",2008-06-21 03:00:00,"FENGSHEN",12.0393,122.459,98.5
"156","2008169N08135",2008-06-21 06:00:00,"FENGSHEN",12.25,122.25,111.25
"157","2008169N08135",2008-06-21 09:00:00,"FENGSHEN",12.5387,122.035,111
"158","2008169N08135",2008-06-21 12:00:00,"FENGSHEN",12.925,121.85,111.25
"159","2008169N08135",2008-06-21 15:00:00,"FENGSHEN",13.4156,121.725,111.25
"160","2008169N08135",2008-06-21 18:00:00,"FENGSHEN",13.925,121.575,111.25
"161","2008169N08135",2008-06-21 21:00:00,"FENGSHEN",14.3438,121.31,101.5
"162","2008169N08135",2008-06-22 00:00:00,"FENGSHEN",14.725,121,92.5
"163","2008169N08135",2008-06-22 03:00:00,"FENGSHEN",15.1167,120.74,91
"164","2008169N08135",2008-06-22 06:00:00,"FENGSHEN",15.475,120.425,90
"165","2008169N08135",2008-06-22 09:00:00,"FENGSHEN",15.7887,119.987,88.25
"166","2008169N08135",2008-06-22 12:00:00,"FENGSHEN",16.05,119.475,87.5
"167","2008169N08135",2008-06-22 15:00:00,"FENGSHEN",16.2501,118.917,88.5
"168","2008169N08135",2008-06-22 18:00:00,"FENGSHEN",16.45,118.4,90
"169","2008169N08135",2008-06-22 21:00:00,"FENGSHEN",16.7335,118.027,90
"170","2008169N08135",2008-06-23 00:00:00,"FENGSHEN",17.025,117.725,90
"171","2008169N08135",2008-06-23 03:00:00,"FENGSHEN",17.2556,117.414,84.75
"172","2008169N08135",2008-06-23 06:00:00,"FENGSHEN",17.475,117.125,80
"173","2008169N08135",2008-06-23 09:00:00,"FENGSHEN",17.7081,116.851,74.75
"174","2008169N08135",2008-06-23 12:00:00,"FENGSHEN",17.975,116.6,70
"175","2008169N08135",2008-06-23 15:00:00,"FENGSHEN",18.2825,116.362,70
"176","2008169N08135",2008-06-23 18:00:00,"FENGSHEN",18.65,116.15,70
"177","2008169N08135",2008-06-23 21:00:00,"FENGSHEN",19.0793,115.975,74.75
"178","2008169N08135",2008-06-24 00:00:00,"FENGSHEN",19.55,115.8,80
"179","2008169N08135",2008-06-24 03:00:00,"FENGSHEN",20.04,115.577,77.75
"180","2008169N08135",2008-06-24 06:00:00,"FENGSHEN",20.5,115.35,76.25
"181","2008169N08135",2008-06-24 09:00:00,"FENGSHEN",20.8574,115.16,79.75
"182","2008169N08135",2008-06-24 12:00:00,"FENGSHEN",21.2,114.975,83.75
"183","2008169N08135",2008-06-24 15:00:00,"FENGSHEN",21.6231,114.766,83.75
"184","2008169N08135",2008-06-24 18:00:00,"FENGSHEN",22.05,114.55,83.75
"185","2008169N08135",2008-06-24 21:00:00,"FENGSHEN",22.4444,114.332,83.75
"186","2008169N08135",2008-06-25 00:00:00,"FENGSHEN",22.775,114.125,83.75
"187","2008169N08135",2008-06-25 03:00:00,"FENGSHEN",23.0081,113.92,71.5
"188","2008169N08135",2008-06-25 06:00:00,"FENGSHEN",23.2,113.775,60
"189","2008169N08135",2008-06-25 09:00:00,"FENGSHEN",23.4175,113.74,NA
"190","2008169N08135",2008-06-25 12:00:00,"FENGSHEN",23.6929,113.743,NA
"191","2008169N08135",2008-06-25 15:00:00,"FENGSHEN",23.9921,113.721,NA
"192","2008169N08135",2008-06-25 18:00:00,"FENGSHEN",24.31,113.7,NA
"193","2008169N08135",2008-06-25 21:00:00,"FENGSHEN",24.6787,113.659,NA
"194","2008169N08135",2008-06-26 00:00:00,"FENGSHEN",24.95,113.7,NA
"195","2008169N08135",2008-06-26 03:00:00,"FENGSHEN",25.1539,113.949,NA
"196","2008169N08135",2008-06-26 06:00:00,"FENGSHEN",25.35,114.25,NA
"197","2008169N08135",2008-06-26 09:00:00,"FENGSHEN",25.5999,114.433,NA
"198","2008169N08135",2008-06-26 12:00:00,"FENGSHEN",25.85,114.6,NA
"199","2008169N08135",2008-06-26 15:00:00,"FENGSHEN",26.0087,114.811,NA
"200","2008169N08135",2008-06-26 18:00:00,"FENGSHEN",26.25,115.05,NA
"201","2008169N08135",2008-06-26 21:00:00,"FENGSHEN",26.7076,115.317,NA
"202","2008169N08135",2008-06-27 00:00:00,"FENGSHEN",27.3,115.6,NA
"203","2004258N16300",2004-09-13 18:00:00,"JEANNE",15.9,-60,NA
"204","2004258N16300",2004-09-13 21:00:00,"JEANNE",15.9259,-60.3139,NA
"205","2004258N16300",2004-09-14 00:00:00,"JEANNE",16,-60.7,NA
"206","2004258N16300",2004-09-14 03:00:00,"JEANNE",16.1465,-61.1665,NA
"207","2004258N16300",2004-09-14 04:00:00,"JEANNE",16.2,-61.3,NA
"208","2004258N16300",2004-09-14 06:00:00,"JEANNE",16.3,-61.5,NA
"209","2004258N16300",2004-09-14 09:00:00,"JEANNE",16.3606,-62.0049,NA
"210","2004258N16300",2004-09-14 12:00:00,"JEANNE",16.4,-62.6,25
"211","2004258N16300",2004-09-14 15:00:00,"JEANNE",16.5275,-63.0949,29.6666666666667
"212","2004258N16300",2004-09-14 18:00:00,"JEANNE",16.7,-63.5,35
"213","2004258N16300",2004-09-14 21:00:00,"JEANNE",16.9147,-63.7575,35
"214","2004258N16300",2004-09-15 00:00:00,"JEANNE",17.1,-64,35
"215","2004258N16300",2004-09-15 03:00:00,"JEANNE",17.1501,-64.3927,35
"216","2004258N16300",2004-09-15 06:00:00,"JEANNE",17.2,-64.8,35
"217","2004258N16300",2004-09-15 09:00:00,"JEANNE",17.3603,-65.087,42
"218","2004258N16300",2004-09-15 12:00:00,"JEANNE",17.6,-65.4,50
"219","2004258N16300",2004-09-15 15:00:00,"JEANNE",17.9166,-65.8647,55
"220","2004258N16300",2004-09-15 16:00:00,"JEANNE",18,-66,56
"221","2004258N16300",2004-09-15 18:00:00,"JEANNE",18.1,-66.2,60
"222","2004258N16300",2004-09-15 21:00:00,"JEANNE",18.3079,-66.6278,56.25
"223","2004258N16300",2004-09-16 00:00:00,"JEANNE",18.5,-67.1,52.5
"224","2004258N16300",2004-09-16 03:00:00,"JEANNE",18.5801,-67.473,39.75
"225","2004258N16300",2004-09-16 06:00:00,"JEANNE",18.6,-67.8,27.5
"226","2004258N16300",2004-09-16 09:00:00,"JEANNE",18.6035,-68.0329,27.5
"227","2004258N16300",2004-09-16 11:00:00,"JEANNE",18.6,-68.3,27.5
"228","2004258N16300",2004-09-16 12:00:00,"JEANNE",18.6,-68.5,27.5
"229","2004258N16300",2004-09-16 15:00:00,"JEANNE",18.6608,-68.8505,39.75
"230","2004258N16300",2004-09-16 18:00:00,"JEANNE",18.8,-69,52.5
"231","2004258N16300",2004-09-16 21:00:00,"JEANNE",18.9999,-69.2,52.5
"232","2004258N16300",2004-09-17 00:00:00,"JEANNE",19.2,-69.4,52.5
"233","2004258N16300",2004-09-17 03:00:00,"JEANNE",19.3074,-69.6202,52.5
"234","2004258N16300",2004-09-17 06:00:00,"JEANNE",19.4,-69.9,52.5
"235","2004258N16300",2004-09-17 09:00:00,"JEANNE",19.5425,-70.27,96.3333333333333
"236","2004258N16300",2004-09-17 12:00:00,"JEANNE",19.7,-70.7,133.333333333333
"237","2004258N16300",2004-09-17 15:00:00,"JEANNE",19.8577,-71.1799,66.3333333333333
"238","2004258N16300",2004-09-17 18:00:00,"JEANNE",20,-71.6,NA
"239","2004258N16300",2004-09-17 21:00:00,"JEANNE",20.1073,-71.8302,7
"240","2004258N16300",2004-09-18 00:00:00,"JEANNE",20.2,-72,15
"241","2004258N16300",2004-09-18 03:00:00,"JEANNE",20.2551,-72.2576,31
"242","2004258N16300",2004-09-18 06:00:00,"JEANNE",20.4,-72.5,47.5
"243","2004258N16300",2004-09-18 09:00:00,"JEANNE",20.7774,-72.7246,47.5
"244","2004258N16300",2004-09-18 12:00:00,"JEANNE",21.2,-72.8,48.3333333333333
"245","2004258N16300",2004-09-18 15:00:00,"JEANNE",21.4727,-72.5804,68.5
"246","2004258N16300",2004-09-18 18:00:00,"JEANNE",21.7,-72.3,75
"247","2004258N16300",2004-09-18 21:00:00,"JEANNE",21.9424,-72.2049,75
"248","2004258N16300",2004-09-19 00:00:00,"JEANNE",22.2,-72.2,75
"249","2004258N16300",2004-09-19 03:00:00,"JEANNE",22.485,-72.2275,75
"250","2004258N16300",2004-09-19 06:00:00,"JEANNE",22.8,-72.3,75
"251","2004258N16300",2004-09-19 09:00:00,"JEANNE",23.1425,-72.4222,75
"252","2004258N16300",2004-09-19 12:00:00,"JEANNE",23.5,-72.5,75
"253","2004258N16300",2004-09-19 15:00:00,"JEANNE",23.8575,-72.4302,75
"254","2004258N16300",2004-09-19 18:00:00,"JEANNE",24.2,-72.3,75
"255","2004258N16300",2004-09-19 21:00:00,"JEANNE",24.5,-72.1925,75
"256","2004258N16300",2004-09-20 00:00:00,"JEANNE",24.8,-72.1,75
"257","2004258N16300",2004-09-20 03:00:00,"JEANNE",25.1125,-72.0572,76.75
"258","2004258N16300",2004-09-20 06:00:00,"JEANNE",25.5,-72,78.75
"259","2004258N16300",2004-09-20 09:00:00,"JEANNE",26.0575,-71.8653,80.25
"260","2004258N16300",2004-09-20 12:00:00,"JEANNE",26.6,-71.7,82.5
"261","2004258N16300",2004-09-20 15:00:00,"JEANNE",26.9674,-71.5723,83.75
"262","2004258N16300",2004-09-20 18:00:00,"JEANNE",27.2,-71.4,85
"263","2004258N16300",2004-09-20 21:00:00,"JEANNE",27.3301,-71.1224,87.5
"264","2004258N16300",2004-09-21 00:00:00,"JEANNE",27.4,-70.8,90
"265","2004258N16300",2004-09-21 03:00:00,"JEANNE",27.5149,-70.5076,91.75
"266","2004258N16300",2004-09-21 06:00:00,"JEANNE",27.6,-70.2,93.75
"267","2004258N16300",2004-09-21 09:00:00,"JEANNE",27.6301,-69.8275,93.75
"268","2004258N16300",2004-09-21 12:00:00,"JEANNE",27.6,-69.5,93.75
"269","2004258N16300",2004-09-21 15:00:00,"JEANNE",27.5148,-69.32,93.75
"270","2004258N16300",2004-09-21 18:00:00,"JEANNE",27.4,-69.2,93.75
"271","2004258N16300",2004-09-21 21:00:00,"JEANNE",27.315,-69.0425,93
"272","2004258N16300",2004-09-22 00:00:00,"JEANNE",27.2,-68.9,92.5
"273","2004258N16300",2004-09-22 03:00:00,"JEANNE",27.0075,-68.7925,97.5
"274","2004258N16300",2004-09-22 06:00:00,"JEANNE",26.8,-68.7,102.5
"275","2004258N16300",2004-09-22 09:00:00,"JEANNE",26.6425,-68.5624,103.75
"276","2004258N16300",2004-09-22 12:00:00,"JEANNE",26.5,-68.5,105
"277","2004258N16300",2004-09-22 15:00:00,"JEANNE",26.3651,-68.6201,105
"278","2004258N16300",2004-09-22 18:00:00,"JEANNE",26.2,-68.8,105
"279","2004258N16300",2004-09-22 21:00:00,"JEANNE",25.9425,-68.9,105
"280","2004258N16300",2004-09-23 00:00:00,"JEANNE",25.7,-69,105
"281","2004258N16300",2004-09-23 03:00:00,"JEANNE",25.5625,-69.1425,105
"282","2004258N16300",2004-09-23 06:00:00,"JEANNE",25.5,-69.3,105
"283","2004258N16300",2004-09-23 09:00:00,"JEANNE",25.4625,-69.4426,105
"284","2004258N16300",2004-09-23 12:00:00,"JEANNE",25.5,-69.6,105
"285","2004258N16300",2004-09-23 15:00:00,"JEANNE",25.635,-69.7924,105
"286","2004258N16300",2004-09-23 18:00:00,"JEANNE",25.8,-70,105
"287","2004258N16300",2004-09-23 21:00:00,"JEANNE",25.9148,-70.1701,105
"288","2004258N16300",2004-09-24 00:00:00,"JEANNE",26,-70.4,105
"289","2004258N16300",2004-09-24 03:00:00,"JEANNE",26.0575,-70.7551,106.5
"290","2004258N16300",2004-09-24 06:00:00,"JEANNE",26.1,-71.2,108.75
"291","2004258N16300",2004-09-24 09:00:00,"JEANNE",26.1425,-71.6926,111.75
"292","2004258N16300",2004-09-24 12:00:00,"JEANNE",26.2,-72.2,115
"293","2004258N16300",2004-09-24 15:00:00,"JEANNE",26.3071,-72.6348,115
"294","2004258N16300",2004-09-24 18:00:00,"JEANNE",26.4,-73.1,115
"295","2004258N16300",2004-09-24 21:00:00,"JEANNE",26.4074,-73.6703,124.25
"296","2004258N16300",2004-09-25 00:00:00,"JEANNE",26.4,-74.3,133.75
"297","2004258N16300",2004-09-25 03:00:00,"JEANNE",26.4423,-74.9424,133.75
"298","2004258N16300",2004-09-25 06:00:00,"JEANNE",26.5,-75.6,133.75
"299","2004258N16300",2004-09-25 09:00:00,"JEANNE",26.5266,-76.2619,130
"300","2004258N16300",2004-09-25 12:00:00,"JEANNE",26.6,-76.9,126.25
"301","2004258N16300",2004-09-25 14:00:00,"JEANNE",26.7,-77.3,128.5
"302","2004258N16300",2004-09-25 15:00:00,"JEANNE",26.7518,-77.5176,130
"303","2004258N16300",2004-09-25 18:00:00,"JEANNE",26.9,-78.2,133.75
"304","2004258N16300",2004-09-25 21:00:00,"JEANNE",27.0126,-78.8131,142.5
"305","2004258N16300",2004-09-26 00:00:00,"JEANNE",27.1,-79.4,151.25
"306","2004258N16300",2004-09-26 03:00:00,"JEANNE",27.1658,-80.0001,148
"307","2004258N16300",2004-09-26 04:00:00,"JEANNE",27.2,-80.2,147
"308","2004258N16300",2004-09-26 06:00:00,"JEANNE",27.3,-80.6,145
"309","2004258N16300",2004-09-26 09:00:00,"JEANNE",27.4753,-81.1428,141.25
"310","2004258N16300",2004-09-26 12:00:00,"JEANNE",27.7,-81.6,137.5
"311","2004258N16300",2004-09-26 15:00:00,"JEANNE",27.9549,-81.9952,134.25
"312","2004258N16300",2004-09-26 18:00:00,"JEANNE",28.3,-82.3,131.25
"313","2004258N16300",2004-09-26 21:00:00,"JEANNE",28.7848,-82.5079,119
"314","2004258N16300",2004-09-27 00:00:00,"JEANNE",29.3,-82.7,107.5
"315","2004258N16300",2004-09-27 03:00:00,"JEANNE",29.7,-82.9853,115.75
"316","2004258N16300",2004-09-27 06:00:00,"JEANNE",30.1,-83.3,125
"317","2004258N16300",2004-09-27 09:00:00,"JEANNE",30.5552,-83.6666,125
"318","2004258N16300",2004-09-27 12:00:00,"JEANNE",31.1,-83.9,125
"319","2004258N16300",2004-09-27 15:00:00,"JEANNE",31.8224,-83.8263,NA
"320","2004258N16300",2004-09-27 18:00:00,"JEANNE",32.5,-83.6,NA
"321","2004258N16300",2004-09-27 21:00:00,"JEANNE",32.8873,-83.4366,NA
"322","2004258N16300",2004-09-28 00:00:00,"JEANNE",33.2,-83.2,NA
"323","2004258N16300",2004-09-28 03:00:00,"JEANNE",33.6046,-82.8737,NA
"324","2004258N16300",2004-09-28 06:00:00,"JEANNE",34.1,-82.4,NA
"325","2004258N16300",2004-09-28 09:00:00,"JEANNE",34.6733,-81.8311,NA
"326","2004258N16300",2004-09-28 12:00:00,"JEANNE",35.4,-81,NA
"327","2004258N16300",2004-09-28 15:00:00,"JEANNE",36.3749,-79.7511,NA
"328","2004258N16300",2004-09-28 18:00:00,"JEANNE",37.3,-78.4,NA
"329","2004258N16300",2004-09-28 21:00:00,"JEANNE",37.9033,-77.329,NA
"330","2004258N16300",2004-09-29 00:00:00,"JEANNE",38.3,-76.4,NA
"331","2004258N16300",2004-09-29 03:00:00,"JEANNE",38.6454,-75.5649,NA
"332","2004258N16300",2004-09-29 06:00:00,"JEANNE",38.8,-74.7,175
"333","2004258N16300",2004-09-29 09:00:00,"JEANNE",38.7208,-73.6552,162
"334","2004258N16300",2004-09-29 12:00:00,"JEANNE",38.5,-72.5,150
"335","2011346N03156",2011-12-11 18:00:00,"WASHI",3.4,155.9,NA
"336","2011346N03156",2011-12-11 21:00:00,"WASHI",3.90766,155.2,NA
"337","2011346N03156",2011-12-12 00:00:00,"WASHI",4.4,154.5,NA
"338","2011346N03156",2011-12-12 03:00:00,"WASHI",4.85232,153.787,NA
"339","2011346N03156",2011-12-12 06:00:00,"WASHI",5.2,153,NA
"340","2011346N03156",2011-12-12 09:00:00,"WASHI",5.40987,152.102,NA
"341","2011346N03156",2011-12-12 12:00:00,"WASHI",5.5,151.1,NA
"342","2011346N03156",2011-12-12 15:00:00,"WASHI",5.48492,150.022,NA
"343","2011346N03156",2011-12-12 18:00:00,"WASHI",5.5,148.9,NA
"344","2011346N03156",2011-12-12 21:00:00,"WASHI",5.75006,147.748,NA
"345","2011346N03156",2011-12-13 00:00:00,"WASHI",6,146.7,NA
"346","2011346N03156",2011-12-13 03:00:00,"WASHI",6.02208,145.912,NA
"347","2011346N03156",2011-12-13 06:00:00,"WASHI",6.03333,145.133,NA
"348","2011346N03156",2011-12-13 09:00:00,"WASHI",6.09761,144.261,NA
"349","2011346N03156",2011-12-13 12:00:00,"WASHI",6.11,143.41,NA
"350","2011346N03156",2011-12-13 15:00:00,"WASHI",6.04825,142.606,NA
"351","2011346N03156",2011-12-13 18:00:00,"WASHI",5.96667,141.867,NA
"352","2011346N03156",2011-12-13 21:00:00,"WASHI",5.85818,141.204,NA
"353","2011346N03156",2011-12-14 00:00:00,"WASHI",5.79231,140.569,NA
"354","2011346N03156",2011-12-14 03:00:00,"WASHI",5.83386,139.914,NA
"355","2011346N03156",2011-12-14 06:00:00,"WASHI",5.98,139.24,NA
"356","2011346N03156",2011-12-14 09:00:00,"WASHI",6.23863,138.539,NA
"357","2011346N03156",2011-12-14 12:00:00,"WASHI",6.525,137.775,NA
"358","2011346N03156",2011-12-14 15:00:00,"WASHI",6.71113,136.962,NA
"359","2011346N03156",2011-12-14 18:00:00,"WASHI",6.875,136.1,NA
"360","2011346N03156",2011-12-14 21:00:00,"WASHI",7.07868,135.2,NA
"361","2011346N03156",2011-12-15 00:00:00,"WASHI",7.275,134.3,NA
"362","2011346N03156",2011-12-15 03:00:00,"WASHI",7.44916,133.459,NA
"363","2011346N03156",2011-12-15 06:00:00,"WASHI",7.575,132.625,NA
"364","2011346N03156",2011-12-15 09:00:00,"WASHI",7.63873,131.735,NA
"365","2011346N03156",2011-12-15 12:00:00,"WASHI",7.65,130.875,42.5
"366","2011346N03156",2011-12-15 15:00:00,"WASHI",7.63046,130.102,42.5
"367","2011346N03156",2011-12-15 18:00:00,"WASHI",7.6,129.4,42.5
"368","2011346N03156",2011-12-15 21:00:00,"WASHI",7.56983,128.749,43.5
"369","2011346N03156",2011-12-16 00:00:00,"WASHI",7.6,128.125,45
"370","2011346N03156",2011-12-16 03:00:00,"WASHI",7.75239,127.481,45
"371","2011346N03156",2011-12-16 06:00:00,"WASHI",7.95,126.825,45
"372","2011346N03156",2011-12-16 09:00:00,"WASHI",8.09804,126.154,45
"373","2011346N03156",2011-12-16 12:00:00,"WASHI",8.25,125.475,45
"374","2011346N03156",2011-12-16 15:00:00,"WASHI",8.43727,124.821,46
"375","2011346N03156",2011-12-16 18:00:00,"WASHI",8.625,124.125,47.5
"376","2011346N03156",2011-12-16 21:00:00,"WASHI",8.78833,123.29,48.5
"377","2011346N03156",2011-12-17 00:00:00,"WASHI",8.925,122.5,50
"378","2011346N03156",2011-12-17 03:00:00,"WASHI",9.00968,121.937,50
"379","2011346N03156",2011-12-17 06:00:00,"WASHI",9.125,121.45,50
"380","2011346N03156",2011-12-17 09:00:00,"WASHI",9.34854,120.921,47.5
"381","2011346N03156",2011-12-17 12:00:00,"WASHI",9.625,120.325,45
"382","2011346N03156",2011-12-17 15:00:00,"WASHI",9.93161,119.633,45
"383","2011346N03156",2011-12-17 18:00:00,"WASHI",10.175,118.825,45
"384","2011346N03156",2011-12-17 21:00:00,"WASHI",10.2673,117.854,45
"385","2011346N03156",2011-12-18 00:00:00,"WASHI",10.25,116.925,45
"386","2011346N03156",2011-12-18 03:00:00,"WASHI",10.1755,116.241,45.5
"387","2011346N03156",2011-12-18 06:00:00,"WASHI",10.075,115.7,46.25
"388","2011346N03156",2011-12-18 09:00:00,"WASHI",10.0267,115.188,46.25
"389","2011346N03156",2011-12-18 12:00:00,"WASHI",9.975,114.75,46.25
"390","2011346N03156",2011-12-18 15:00:00,"WASHI",9.87483,114.389,46.25
"391","2011346N03156",2011-12-18 18:00:00,"WASHI",9.77333,114.013,46.25
"392","2011346N03156",2011-12-18 21:00:00,"WASHI",9.72326,113.529,NA
"393","2011346N03156",2011-12-19 00:00:00,"WASHI",9.69091,113.027,NA
"394","2011346N03156",2011-12-19 03:00:00,"WASHI",9.6575,112.562,NA
"395","2011346N03156",2011-12-19 06:00:00,"WASHI",9.58,112.14,NA
"396","2011346N03156",2011-12-19 09:00:00,"WASHI",9.4301,111.795,NA
"397","2011346N03156",2011-12-19 12:00:00,"WASHI",9.2,111.4,NA
"398","2005236N23285",2005-08-23 18:00:00,"KATRINA",23.1,-75.1,NA
"399","2005236N23285",2005-08-23 21:00:00,"KATRINA",23.2476,-75.4049,NA
"400","2005236N23285",2005-08-24 00:00:00,"KATRINA",23.4,-75.7,NA
"401","2005236N23285",2005-08-24 03:00:00,"KATRINA",23.57,-75.9726,NA
"402","2005236N23285",2005-08-24 06:00:00,"KATRINA",23.8,-76.2,NA
"403","2005236N23285",2005-08-24 09:00:00,"KATRINA",24.1124,-76.3577,NA
"404","2005236N23285",2005-08-24 12:00:00,"KATRINA",24.5,-76.5,60
"405","2005236N23285",2005-08-24 15:00:00,"KATRINA",24.9573,-76.6627,60
"406","2005236N23285",2005-08-24 18:00:00,"KATRINA",25.4,-76.9,60
"407","2005236N23285",2005-08-24 21:00:00,"KATRINA",25.7601,-77.2772,60
"408","2005236N23285",2005-08-25 00:00:00,"KATRINA",26,-77.7,60
"409","2005236N23285",2005-08-25 03:00:00,"KATRINA",26.0874,-78.0654,60
"410","2005236N23285",2005-08-25 06:00:00,"KATRINA",26.1,-78.4,60
"411","2005236N23285",2005-08-25 09:00:00,"KATRINA",26.1574,-78.7075,60
"412","2005236N23285",2005-08-25 12:00:00,"KATRINA",26.2,-79,50
"413","2005236N23285",2005-08-25 15:00:00,"KATRINA",26.2302,-79.2941,56.25
"414","2005236N23285",2005-08-25 18:00:00,"KATRINA",26.2,-79.6,62.5
"415","2005236N23285",2005-08-25 21:00:00,"KATRINA",26.0865,-79.919,60
"416","2005236N23285",2005-08-25 22:30:00,"KATRINA",26,-80.1,58.75
"417","2005236N23285",2005-08-26 00:00:00,"KATRINA",25.9,-80.3,57.5
"418","2005236N23285",2005-08-26 03:00:00,"KATRINA",25.6502,-80.794,56
"419","2005236N23285",2005-08-26 06:00:00,"KATRINA",25.4,-81.3,55
"420","2005236N23285",2005-08-26 09:00:00,"KATRINA",25.2273,-81.6797,54.75
"421","2005236N23285",2005-08-26 12:00:00,"KATRINA",25.1,-82,55
"422","2005236N23285",2005-08-26 15:00:00,"KATRINA",24.9998,-82.2998,57.5
"423","2005236N23285",2005-08-26 18:00:00,"KATRINA",24.9,-82.6,60
"424","2005236N23285",2005-08-26 21:00:00,"KATRINA",24.75,-82.9426,69.25
"425","2005236N23285",2005-08-27 00:00:00,"KATRINA",24.6,-83.3,78.75
"426","2005236N23285",2005-08-27 03:00:00,"KATRINA",24.4774,-83.65,94
"427","2005236N23285",2005-08-27 06:00:00,"KATRINA",24.4,-84,110
"428","2005236N23285",2005-08-27 09:00:00,"KATRINA",24.3775,-84.3574,110
"429","2005236N23285",2005-08-27 12:00:00,"KATRINA",24.4,-84.7,110
"430","2005236N23285",2005-08-27 15:00:00,"KATRINA",24.4274,-85.0076,111.25
"431","2005236N23285",2005-08-27 18:00:00,"KATRINA",24.5,-85.3,112.5
"432","2005236N23285",2005-08-27 21:00:00,"KATRINA",24.6273,-85.5851,116.25
"433","2005236N23285",2005-08-28 00:00:00,"KATRINA",24.8,-85.9,120
"434","2005236N23285",2005-08-28 03:00:00,"KATRINA",24.9849,-86.2702,133
"435","2005236N23285",2005-08-28 06:00:00,"KATRINA",25.2,-86.7,146.25
"436","2005236N23285",2005-08-28 09:00:00,"KATRINA",25.435,-87.1926,151.25
"437","2005236N23285",2005-08-28 12:00:00,"KATRINA",25.7,-87.7,156.25
"438","2005236N23285",2005-08-28 15:00:00,"KATRINA",25.97,-88.1802,163.75
"439","2005236N23285",2005-08-28 18:00:00,"KATRINA",26.3,-88.6,171.25
"440","2005236N23285",2005-08-28 21:00:00,"KATRINA",26.7199,-88.9376,176.75
"441","2005236N23285",2005-08-29 00:00:00,"KATRINA",27.2,-89.2,182.5
"442","2005236N23285",2005-08-29 03:00:00,"KATRINA",27.6702,-89.447,178.75
"443","2005236N23285",2005-08-29 06:00:00,"KATRINA",28.2,-89.6,175
"444","2005236N23285",2005-08-29 09:00:00,"KATRINA",28.8072,-89.6162,168.75
"445","2005236N23285",2005-08-29 11:10:00,"KATRINA",29.3,-89.6,164
"446","2005236N23285",2005-08-29 12:00:00,"KATRINA",29.5,-89.6,162.5
"447","2005236N23285",2005-08-29 14:45:00,"KATRINA",30.2,-89.6,142.75
"448","2005236N23285",2005-08-29 15:00:00,"KATRINA",30.2673,-89.6019,141.25
"449","2005236N23285",2005-08-29 18:00:00,"KATRINA",31.1,-89.6,120
"450","2005236N23285",2005-08-29 21:00:00,"KATRINA",31.8661,-89.4001,98
"451","2005236N23285",2005-08-30 00:00:00,"KATRINA",32.6,-89.1,76.25
"452","2005236N23285",2005-08-30 03:00:00,"KATRINA",33.3499,-88.8569,74.25
"453","2005236N23285",2005-08-30 06:00:00,"KATRINA",34.1,-88.6,72.5
"454","2005236N23285",2005-08-30 09:00:00,"KATRINA",34.8572,-88.3364,36
"455","2005236N23285",2005-08-30 12:00:00,"KATRINA",35.6,-88,NA
"456","2005236N23285",2005-08-30 15:00:00,"KATRINA",36.2918,-87.5804,NA
"457","2005236N23285",2005-08-30 18:00:00,"KATRINA",37,-87,NA
"458","2005236N23285",2005-08-30 21:00:00,"KATRINA",37.7916,-86.2537,NA
"459","2005236N23285",2005-08-31 00:00:00,"KATRINA",38.6,-85.3,NA
"460","2005236N23285",2005-08-31 03:00:00,"KATRINA",39.3681,-84.1578,NA
"461","2005236N23285",2005-08-31 06:00:00,"KATRINA",40.1,-82.9,NA
"462","2005275N19274",2005-10-01 12:00:00,"STAN",18.9,-85.6,NA
"463","2005275N19274",2005-10-01 15:00:00,"STAN",19.0001,-85.9099,NA
"464","2005275N19274",2005-10-01 18:00:00,"STAN",19.1,-86.2,NA
"465","2005275N19274",2005-10-01 21:00:00,"STAN",19.1999,-86.4575,NA
"466","2005275N19274",2005-10-02 00:00:00,"STAN",19.3,-86.7,NA
"467","2005275N19274",2005-10-02 03:00:00,"STAN",19.4045,-86.9546,37.5
"468","2005275N19274",2005-10-02 06:00:00,"STAN",19.5,-87.2,75
"469","2005275N19274",2005-10-02 09:00:00,"STAN",19.5456,-87.3758,89.5
"470","2005275N19274",2005-10-02 10:00:00,"STAN",19.6,-87.5,95
"471","2005275N19274",2005-10-02 12:00:00,"STAN",19.8,-87.9,105
"472","2005275N19274",2005-10-02 15:00:00,"STAN",20.0807,-88.3786,105
"473","2005275N19274",2005-10-02 18:00:00,"STAN",20.3,-88.8,105
"474","2005275N19274",2005-10-02 21:00:00,"STAN",20.4373,-89.2776,NA
"475","2005275N19274",2005-10-03 00:00:00,"STAN",20.5,-89.8,NA
"476","2005275N19274",2005-10-03 03:00:00,"STAN",20.5303,-90.4225,NA
"477","2005275N19274",2005-10-03 06:00:00,"STAN",20.5,-91,100
"478","2005275N19274",2005-10-03 09:00:00,"STAN",20.4147,-91.4026,100
"479","2005275N19274",2005-10-03 12:00:00,"STAN",20.3,-91.7,58.3333333333333
"480","2005275N19274",2005-10-03 15:00:00,"STAN",20.2072,-91.9273,61.3333333333333
"481","2005275N19274",2005-10-03 18:00:00,"STAN",20.1,-92.2,65
"482","2005275N19274",2005-10-03 21:00:00,"STAN",19.9802,-92.6699,65
"483","2005275N19274",2005-10-04 00:00:00,"STAN",19.8,-93.2,65
"484","2005275N19274",2005-10-04 03:00:00,"STAN",19.5224,-93.665,72.3333333333333
"485","2005275N19274",2005-10-04 06:00:00,"STAN",19.2,-94.1,78.75
"486","2005275N19274",2005-10-04 09:00:00,"STAN",18.9074,-94.5148,78.75
"487","2005275N19274",2005-10-04 12:00:00,"STAN",18.6,-94.9,78.75
"488","2005275N19274",2005-10-04 15:00:00,"STAN",18.2573,-95.2498,61.75
"489","2005275N19274",2005-10-04 18:00:00,"STAN",17.9,-95.6,45
"490","2005275N19274",2005-10-04 21:00:00,"STAN",17.5201,-96.0076,22
"491","2005275N19274",2005-10-05 00:00:00,"STAN",17.2,-96.4,NA
"492","2005275N19274",2005-10-05 03:00:00,"STAN",17.01,-96.7224,NA
"493","2005275N19274",2005-10-05 06:00:00,"STAN",16.9,-97,NA
"494","2012331N03157",2012-11-25 12:00:00,"BOPHA",3.4,157.4,NA
"495","2012331N03157",2012-11-25 15:00:00,"BOPHA",3.50001,157.243,NA
"496","2012331N03157",2012-11-25 18:00:00,"BOPHA",3.52,157.02,NA
"497","2012331N03157",2012-11-25 21:00:00,"BOPHA",3.62875,156.886,NA
"498","2012331N03157",2012-11-26 00:00:00,"BOPHA",3.74,156.78,NA
"499","2012331N03157",2012-11-26 03:00:00,"BOPHA",3.84583,156.717,NA
"500","2012331N03157",2012-11-26 06:00:00,"BOPHA",3.93333,156.667,NA
"501","2012331N03157",2012-11-26 09:00:00,"BOPHA",3.99333,156.572,NA
"502","2012331N03157",2012-11-26 12:00:00,"BOPHA",4.03846,156.454,NA
"503","2012331N03157",2012-11-26 15:00:00,"BOPHA",4.06607,156.357,NA
"504","2012331N03157",2012-11-26 18:00:00,"BOPHA",4.1,156.26,NA
"505","2012331N03157",2012-11-26 21:00:00,"BOPHA",4.1675,156.161,NA
"506","2012331N03157",2012-11-27 00:00:00,"BOPHA",4.25,156.05,NA
"507","2012331N03157",2012-11-27 03:00:00,"BOPHA",4.3325,155.895,NA
"508","2012331N03157",2012-11-27 06:00:00,"BOPHA",4.4,155.725,NA
"509","2012331N03157",2012-11-27 09:00:00,"BOPHA",4.42499,155.579,NA
"510","2012331N03157",2012-11-27 12:00:00,"BOPHA",4.45,155.425,32.5
"511","2012331N03157",2012-11-27 15:00:00,"BOPHA",4.51746,155.277,32.5
"512","2012331N03157",2012-11-27 18:00:00,"BOPHA",4.6,155.05,32.5
"513","2012331N03157",2012-11-27 21:00:00,"BOPHA",4.67685,154.696,35.75
"514","2012331N03157",2012-11-28 00:00:00,"BOPHA",4.75,154.225,40
"515","2012331N03157",2012-11-28 03:00:00,"BOPHA",4.83686,153.684,40
"516","2012331N03157",2012-11-28 06:00:00,"BOPHA",4.875,153.075,40
"517","2012331N03157",2012-11-28 09:00:00,"BOPHA",4.82128,152.424,46
"518","2012331N03157",2012-11-28 12:00:00,"BOPHA",4.7,151.8,52.5
"519","2012331N03157",2012-11-28 15:00:00,"BOPHA",4.54493,151.283,52.5
"520","2012331N03157",2012-11-28 18:00:00,"BOPHA",4.375,150.825,52.5
"521","2012331N03157",2012-11-28 21:00:00,"BOPHA",4.23185,150.374,52.5
"522","2012331N03157",2012-11-29 00:00:00,"BOPHA",4.1,149.95,52.5
"523","2012331N03157",2012-11-29 03:00:00,"BOPHA",3.98057,149.559,52.5
"524","2012331N03157",2012-11-29 06:00:00,"BOPHA",3.85,149.15,52.5
"525","2012331N03157",2012-11-29 09:00:00,"BOPHA",3.65624,148.669,51
"526","2012331N03157",2012-11-29 12:00:00,"BOPHA",3.5,148.15,50
"527","2012331N03157",2012-11-29 15:00:00,"BOPHA",3.46438,147.614,51
"528","2012331N03157",2012-11-29 18:00:00,"BOPHA",3.5,147.1,52.5
"529","2012331N03157",2012-11-29 21:00:00,"BOPHA",3.54745,146.669,57.5
"530","2012331N03157",2012-11-30 00:00:00,"BOPHA",3.625,146.25,62.5
"531","2012331N03157",2012-11-30 03:00:00,"BOPHA",3.71373,145.779,66
"532","2012331N03157",2012-11-30 06:00:00,"BOPHA",3.825,145.275,70
"533","2012331N03157",2012-11-30 09:00:00,"BOPHA",3.95495,144.758,71
"534","2012331N03157",2012-11-30 12:00:00,"BOPHA",4.1,144.2,72.5
"535","2012331N03157",2012-11-30 15:00:00,"BOPHA",4.24816,143.564,74.75
"536","2012331N03157",2012-11-30 18:00:00,"BOPHA",4.4,142.95,77.5
"537","2012331N03157",2012-11-30 21:00:00,"BOPHA",4.54617,142.465,82
"538","2012331N03157",2012-12-01 00:00:00,"BOPHA",4.7,142.025,87.5
"539","2012331N03157",2012-12-01 03:00:00,"BOPHA",4.86932,141.561,95
"540","2012331N03157",2012-12-01 06:00:00,"BOPHA",5.05,141.075,102.5
"541","2012331N03157",2012-12-01 09:00:00,"BOPHA",5.23557,140.558,102.5
"542","2012331N03157",2012-12-01 12:00:00,"BOPHA",5.425,140,102.5
"543","2012331N03157",2012-12-01 15:00:00,"BOPHA",5.61436,139.393,108.75
"544","2012331N03157",2012-12-01 18:00:00,"BOPHA",5.8,138.775,115
"545","2012331N03157",2012-12-01 21:00:00,"BOPHA",5.98793,138.228,115
"546","2012331N03157",2012-12-02 00:00:00,"BOPHA",6.15,137.625,115
"547","2012331N03157",2012-12-02 03:00:00,"BOPHA",6.26694,136.847,114.75
"548","2012331N03157",2012-12-02 06:00:00,"BOPHA",6.35,136.025,115
"549","2012331N03157",2012-12-02 09:00:00,"BOPHA",6.42176,135.279,109.75
"550","2012331N03157",2012-12-02 12:00:00,"BOPHA",6.475,134.575,105
"551","2012331N03157",2012-12-02 15:00:00,"BOPHA",6.50671,133.914,93
"552","2012331N03157",2012-12-02 18:00:00,"BOPHA",6.55,133.25,81.25
"553","2012331N03157",2012-12-02 21:00:00,"BOPHA",6.63685,132.516,81.25
"554","2012331N03157",2012-12-03 00:00:00,"BOPHA",6.75,131.775,81.25
"555","2012331N03157",2012-12-03 03:00:00,"BOPHA",6.85981,131.093,89.75
"556","2012331N03157",2012-12-03 06:00:00,"BOPHA",7,130.4,98.75
"557","2012331N03157",2012-12-03 09:00:00,"BOPHA",7.2074,129.644,103
"558","2012331N03157",2012-12-03 12:00:00,"BOPHA",7.4,128.85,107.5
"559","2012331N03157",2012-12-03 15:00:00,"BOPHA",7.48437,128.02,108.5
"560","2012331N03157",2012-12-03 18:00:00,"BOPHA",7.55,127.225,110
"561","2012331N03157",2012-12-03 21:00:00,"BOPHA",7.63461,126.575,110
"562","2012331N03157",2012-12-04 00:00:00,"BOPHA",7.825,125.9,110
"563","2012331N03157",2012-12-04 03:00:00,"BOPHA",8.22197,125.023,109.25
"564","2012331N03157",2012-12-04 06:00:00,"BOPHA",8.675,124.1,108.75
"565","2012331N03157",2012-12-04 09:00:00,"BOPHA",9.03162,123.276,108.75
"566","2012331N03157",2012-12-04 12:00:00,"BOPHA",9.325,122.475,108.75
"567","2012331N03157",2012-12-04 15:00:00,"BOPHA",9.56758,121.611,108.75
"568","2012331N03157",2012-12-04 18:00:00,"BOPHA",9.75,120.825,108.75
"569","2012331N03157",2012-12-04 21:00:00,"BOPHA",9.85598,120.224,100.5
"570","2012331N03157",2012-12-05 00:00:00,"BOPHA",10,119.725,92.5
"571","2012331N03157",2012-12-05 03:00:00,"BOPHA",10.315,119.202,84.25
"572","2012331N03157",2012-12-05 06:00:00,"BOPHA",10.675,118.75,76.25
"573","2012331N03157",2012-12-05 09:00:00,"BOPHA",10.9761,118.409,76.25
"574","2012331N03157",2012-12-05 12:00:00,"BOPHA",11.225,118.125,76.25
"575","2012331N03157",2012-12-05 15:00:00,"BOPHA",11.3969,117.816,76.25
"576","2012331N03157",2012-12-05 18:00:00,"BOPHA",11.55,117.525,76.25
"577","2012331N03157",2012-12-05 21:00:00,"BOPHA",11.7587,117.264,76.25
"578","2012331N03157",2012-12-06 00:00:00,"BOPHA",11.975,117.025,76.25
"579","2012331N03157",2012-12-06 03:00:00,"BOPHA",12.1606,116.785,74.75
"580","2012331N03157",2012-12-06 06:00:00,"BOPHA",12.35,116.575,73.75
"581","2012331N03157",2012-12-06 09:00:00,"BOPHA",12.5712,116.417,70.5
"582","2012331N03157",2012-12-06 12:00:00,"BOPHA",12.8,116.275,67.5
"583","2012331N03157",2012-12-06 15:00:00,"BOPHA",12.9994,116.098,59.5
"584","2012331N03157",2012-12-06 18:00:00,"BOPHA",13.225,115.925,52.5
"585","2012331N03157",2012-12-06 21:00:00,"BOPHA",13.5131,115.745,52.5
"586","2012331N03157",2012-12-07 00:00:00,"BOPHA",13.85,115.65,52.5
"587","2012331N03157",2012-12-07 03:00:00,"BOPHA",14.2119,115.73,59.5
"588","2012331N03157",2012-12-07 06:00:00,"BOPHA",14.6,115.875,67.5
"589","2012331N03157",2012-12-07 09:00:00,"BOPHA",14.9981,115.948,79.5
"590","2012331N03157",2012-12-07 12:00:00,"BOPHA",15.4,116.025,92.5
"591","2012331N03157",2012-12-07 15:00:00,"BOPHA",15.7968,116.109,99
"592","2012331N03157",2012-12-07 18:00:00,"BOPHA",16.175,116.275,106.25
"593","2012331N03157",2012-12-07 21:00:00,"BOPHA",16.5218,116.569,111
"594","2012331N03157",2012-12-08 00:00:00,"BOPHA",16.85,116.975,116.25
"595","2012331N03157",2012-12-08 03:00:00,"BOPHA",17.2052,117.48,109
"596","2012331N03157",2012-12-08 06:00:00,"BOPHA",17.5,117.975,102.5
"597","2012331N03157",2012-12-08 09:00:00,"BOPHA",17.6655,118.331,102.5
"598","2012331N03157",2012-12-08 12:00:00,"BOPHA",17.775,118.6,102.5
"599","2012331N03157",2012-12-08 15:00:00,"BOPHA",17.92,118.843,87
"600","2012331N03157",2012-12-08 18:00:00,"BOPHA",18.05,119.025,75
"601","2012331N03157",2012-12-08 21:00:00,"BOPHA",18.1731,119.153,37
"602","2012331N03157",2012-12-09 00:00:00,"BOPHA",18.225,119.25,NA
"603","2012331N03157",2012-12-09 03:00:00,"BOPHA",18.16,119.358,NA
"604","2012331N03157",2012-12-09 06:00:00,"BOPHA",18.025,119.475,NA
"605","2007314N10093",2007-11-10 06:00:00,"SIDR",9.6,93.2,NA
"606","2007314N10093",2007-11-10 09:00:00,"SIDR",9.65249,93.1125,NA
"607","2007314N10093",2007-11-10 12:00:00,"SIDR",9.7,93,NA
"608","2007314N10093",2007-11-10 15:00:00,"SIDR",9.74251,92.85,NA
"609","2007314N10093",2007-11-10 18:00:00,"SIDR",9.8,92.7,NA
"610","2007314N10093",2007-11-10 21:00:00,"SIDR",9.89998,92.6,NA
"611","2007314N10093",2007-11-11 00:00:00,"SIDR",10,92.5,NA
"612","2007314N10093",2007-11-11 03:00:00,"SIDR",10.0575,92.3575,NA
"613","2007314N10093",2007-11-11 06:00:00,"SIDR",10.1,92.2,NA
"614","2007314N10093",2007-11-11 09:00:00,"SIDR",10.12,92.052,NA
"615","2007314N10093",2007-11-11 12:00:00,"SIDR",10.1333,91.9333,30
"616","2007314N10093",2007-11-11 15:00:00,"SIDR",10.1429,91.8129,41.5
"617","2007314N10093",2007-11-11 18:00:00,"SIDR",10.4,91.45,53.75
"618","2007314N10093",2007-11-11 21:00:00,"SIDR",10.4175,91.2962,55.25
"619","2007314N10093",2007-11-12 00:00:00,"SIDR",10.45,91.15,57.5
"620","2007314N10093",2007-11-12 03:00:00,"SIDR",10.5137,90.785,62.5
"621","2007314N10093",2007-11-12 06:00:00,"SIDR",10.85,90.45,67.5
"622","2007314N10093",2007-11-12 09:00:00,"SIDR",10.9425,90.3925,74.75
"623","2007314N10093",2007-11-12 12:00:00,"SIDR",11.3,90.1,82.5
"624","2007314N10093",2007-11-12 15:00:00,"SIDR",11.425,90.0463,91.75
"625","2007314N10093",2007-11-12 18:00:00,"SIDR",11.55,90,101.25
"626","2007314N10093",2007-11-12 21:00:00,"SIDR",11.65,89.9712,102.25
"627","2007314N10093",2007-11-13 00:00:00,"SIDR",12,89.7,103.75
"628","2007314N10093",2007-11-13 03:00:00,"SIDR",12.1212,89.6787,104.25
"629","2007314N10093",2007-11-13 06:00:00,"SIDR",12.25,89.65,105
"630","2007314N10093",2007-11-13 09:00:00,"SIDR",12.8675,89.6,105
"631","2007314N10093",2007-11-13 12:00:00,"SIDR",13,89.55,105
"632","2007314N10093",2007-11-13 15:00:00,"SIDR",13.1712,89.5212,111.75
"633","2007314N10093",2007-11-13 18:00:00,"SIDR",13.6,89.5,118.75
"634","2007314N10093",2007-11-13 21:00:00,"SIDR",14,89.475,119.25
"635","2007314N10093",2007-11-14 00:00:00,"SIDR",14.4,89.45,120
"636","2007314N10093",2007-11-14 03:00:00,"SIDR",14.5675,89.425,121.5
"637","2007314N10093",2007-11-14 06:00:00,"SIDR",15,89.4,123.75
"638","2007314N10093",2007-11-14 09:00:00,"SIDR",15.4463,89.3713,127.25
"639","2007314N10093",2007-11-14 12:00:00,"SIDR",15.9,89.1,131.25
"640","2007314N10093",2007-11-14 15:00:00,"SIDR",16.085,89.0962,126.5
"641","2007314N10093",2007-11-14 18:00:00,"SIDR",16.55,89.1,122.5
"642","2007314N10093",2007-11-14 21:00:00,"SIDR",17.07,89.1,130.5
"643","2007314N10093",2007-11-15 00:00:00,"SIDR",17.65,89.1,138.75
"644","2007314N10093",2007-11-15 03:00:00,"SIDR",18.285,89.0926,135.25
"645","2007314N10093",2007-11-15 06:00:00,"SIDR",19.45,89.1,132.5
"646","2007314N10093",2007-11-15 09:00:00,"SIDR",20.0999,89.1203,129.5
"647","2007314N10093",2007-11-15 12:00:00,"SIDR",21,89.2,127.5
"648","2007314N10093",2007-11-15 15:00:00,"SIDR",21.6463,89.6274,127.5
"649","2007314N10093",2007-11-15 18:00:00,"SIDR",22.5429,90.3714,127.5
"650","2007314N10093",2007-11-15 21:00:00,"SIDR",23.476,90.8457,127.5
"651","2007314N10093",2007-11-16 00:00:00,"SIDR",23.7667,91,127.5
"652","2007314N10093",2007-11-16 03:00:00,"SIDR",24.5,91.5,NA
"653","2008117N11090",2008-04-25 12:00:00,"NARGIS",10.5,90.3,NA
"654","2008117N11090",2008-04-25 15:00:00,"NARGIS",10.705,89.9153,NA
"655","2008117N11090",2008-04-25 18:00:00,"NARGIS",10.8,89.5,NA
"656","2008117N11090",2008-04-25 21:00:00,"NARGIS",10.7351,89.0548,NA
"657","2008117N11090",2008-04-26 00:00:00,"NARGIS",10.7,88.7,NA
"658","2008117N11090",2008-04-26 03:00:00,"NARGIS",10.9199,88.585,NA
"659","2008117N11090",2008-04-26 06:00:00,"NARGIS",11.2,88.5,NA
"660","2008117N11090",2008-04-26 09:00:00,"NARGIS",11.3875,88.2376,NA
"661","2008117N11090",2008-04-26 12:00:00,"NARGIS",11.5,87.9,NA
"662","2008117N11090",2008-04-26 15:00:00,"NARGIS",11.515,87.5424,NA
"663","2008117N11090",2008-04-26 18:00:00,"NARGIS",11.5,87.2,NA
"664","2008117N11090",2008-04-26 21:00:00,"NARGIS",11.5425,86.9275,NA
"665","2008117N11090",2008-04-27 00:00:00,"NARGIS",11.6,86.7,NA
"666","2008117N11090",2008-04-27 03:00:00,"NARGIS",11.696,86.5939,NA
"667","2008117N11090",2008-04-27 06:00:00,"NARGIS",11.8,86.5333,NA
"668","2008117N11090",2008-04-27 09:00:00,"NARGIS",11.9629,86.2629,NA
"669","2008117N11090",2008-04-27 12:00:00,"NARGIS",12.1,86.2,NA
"670","2008117N11090",2008-04-27 15:00:00,"NARGIS",12.1825,86.1387,NA
"671","2008117N11090",2008-04-27 18:00:00,"NARGIS",12.5,85.85,45
"672","2008117N11090",2008-04-27 21:00:00,"NARGIS",12.825,85.5675,57
"673","2008117N11090",2008-04-28 00:00:00,"NARGIS",12.9,85.55,70
"674","2008117N11090",2008-04-28 03:00:00,"NARGIS",12.9937,85.5575,75
"675","2008117N11090",2008-04-28 06:00:00,"NARGIS",13.05,85.55,80
"676","2008117N11090",2008-04-28 09:00:00,"NARGIS",13,85.475,80
"677","2008117N11090",2008-04-28 12:00:00,"NARGIS",12.95,85.4,80
"678","2008117N11090",2008-04-28 15:00:00,"NARGIS",13.0137,85.3775,78.5
"679","2008117N11090",2008-04-28 18:00:00,"NARGIS",13.1,85.4,77.5
"680","2008117N11090",2008-04-28 21:00:00,"NARGIS",13.1438,85.4675,82.5
"681","2008117N11090",2008-04-29 00:00:00,"NARGIS",13.15,85.55,87.5
"682","2008117N11090",2008-04-29 03:00:00,"NARGIS",13.3387,85.5963,87.5
"683","2008117N11090",2008-04-29 06:00:00,"NARGIS",13.3,85.65,87.5
"684","2008117N11090",2008-04-29 09:00:00,"NARGIS",13.3738,85.7425,83
"685","2008117N11090",2008-04-29 12:00:00,"NARGIS",13.75,85.85,78.75
"686","2008117N11090",2008-04-29 15:00:00,"NARGIS",13.875,85.9612,75.75
"687","2008117N11090",2008-04-29 18:00:00,"NARGIS",14,86.05,73.75
"688","2008117N11090",2008-04-29 21:00:00,"NARGIS",14.1075,86.3288,76.75
"689","2008117N11090",2008-04-30 00:00:00,"NARGIS",14.2,86.35,80
"690","2008117N11090",2008-04-30 03:00:00,"NARGIS",14.5287,86.66,83.5
"691","2008117N11090",2008-04-30 06:00:00,"NARGIS",14.6,86.75,87.5
"692","2008117N11090",2008-04-30 09:00:00,"NARGIS",14.675,87.11,88
"693","2008117N11090",2008-04-30 12:00:00,"NARGIS",14.75,87.25,88.75
"694","2008117N11090",2008-04-30 15:00:00,"NARGIS",15.075,87.6638,88.5
"695","2008117N11090",2008-04-30 18:00:00,"NARGIS",15.15,87.85,88.75
"696","2008117N11090",2008-04-30 21:00:00,"NARGIS",15.225,88.0463,91.5
"697","2008117N11090",2008-05-01 00:00:00,"NARGIS",15.55,88.5,95
"698","2008117N11090",2008-05-01 03:00:00,"NARGIS",15.6362,89.1962,95
"699","2008117N11090",2008-05-01 06:00:00,"NARGIS",15.95,89.65,95
"700","2008117N11090",2008-05-01 09:00:00,"NARGIS",15.965,90.1175,97
"701","2008117N11090",2008-05-01 12:00:00,"NARGIS",15.95,90.6,100
"702","2008117N11090",2008-05-01 15:00:00,"NARGIS",15.925,91.0963,105
"703","2008117N11090",2008-05-01 18:00:00,"NARGIS",15.9,91.6,110
"704","2008117N11090",2008-05-01 21:00:00,"NARGIS",15.8925,92.1038,112.25
"705","2008117N11090",2008-05-02 00:00:00,"NARGIS",15.9,92.6,115
"706","2008117N11090",2008-05-02 03:00:00,"NARGIS",15.9211,93.0713,117.25
"707","2008117N11090",2008-05-02 06:00:00,"NARGIS",15.95,93.55,120
"708","2008117N11090",2008-05-02 09:00:00,"NARGIS",15.9638,94.0751,118.5
"709","2008117N11090",2008-05-02 12:00:00,"NARGIS",16,94.5,117.5
"710","2008117N11090",2008-05-02 15:00:00,"NARGIS",16.0887,95.0862,104
"711","2008117N11090",2008-05-02 18:00:00,"NARGIS",16.45,95.55,91.25
"712","2008117N11090",2008-05-02 21:00:00,"NARGIS",16.5425,95.7576,86.75
"713","2008117N11090",2008-05-03 00:00:00,"NARGIS",16.65,95.95,82.5
"714","2008117N11090",2008-05-03 03:00:00,"NARGIS",17.0357,96.4415,79.25
"715","2008117N11090",2008-05-03 06:00:00,"NARGIS",17.4333,96.9,76.25
"716","2008117N11090",2008-05-03 09:00:00,"NARGIS",17.85,97.31,76.25
"717","2008117N11090",2008-05-03 12:00:00,"NARGIS",18.3,97.6,76.25
"718","2008117N11090",2008-05-03 15:00:00,"NARGIS",18.8123,97.6857,38
"719","2008117N11090",2008-05-03 18:00:00,"NARGIS",19.4,97.8,NA
"720","2008117N11090",2008-05-03 21:00:00,"NARGIS",20.0753,98.0913,NA
"721","2008117N11090",2008-05-04 00:00:00,"NARGIS",20.8,98.5,NA
"722","2017260N12310",2017-09-16 12:00:00,"MARIA",12.2,-49.7,NA
"723","2017260N12310",2017-09-16 15:00:00,"MARIA",12.1861,-50.7576,20
"724","2017260N12310",2017-09-16 18:00:00,"MARIA",12.2,-51.7,40
"725","2017260N12310",2017-09-16 21:00:00,"MARIA",12.2695,-52.4525,40
"726","2017260N12310",2017-09-17 00:00:00,"MARIA",12.4,-53.1,36.6666666666667
"727","2017260N12310",2017-09-17 03:00:00,"MARIA",12.5773,-53.7576,41.6666666666667
"728","2017260N12310",2017-09-17 06:00:00,"MARIA",12.8,-54.4,46.6666666666667
"729","2017260N12310",2017-09-17 09:00:00,"MARIA",13.0573,-55.0499,48.3333333333333
"730","2017260N12310",2017-09-17 12:00:00,"MARIA",13.3,-55.7,45
"731","2017260N12310",2017-09-17 15:00:00,"MARIA",13.4575,-56.3727,51.25
"732","2017260N12310",2017-09-17 18:00:00,"MARIA",13.6,-57,57.5
"733","2017260N12310",2017-09-17 21:00:00,"MARIA",13.7997,-57.5225,61.25
"734","2017260N12310",2017-09-18 00:00:00,"MARIA",14,-58,65
"735","2017260N12310",2017-09-18 03:00:00,"MARIA",14.165,-58.5225,65
"736","2017260N12310",2017-09-18 06:00:00,"MARIA",14.3,-59,65
"737","2017260N12310",2017-09-18 09:00:00,"MARIA",14.3923,-59.3727,77.5
"738","2017260N12310",2017-09-18 12:00:00,"MARIA",14.5,-59.7,90
"739","2017260N12310",2017-09-18 15:00:00,"MARIA",14.6849,-60.05,91.25
"740","2017260N12310",2017-09-18 18:00:00,"MARIA",14.9,-60.4,92.5
"741","2017260N12310",2017-09-18 21:00:00,"MARIA",15.0895,-60.7164,95
"742","2017260N12310",2017-09-19 00:00:00,"MARIA",15.3,-61.1,97.5
"743","2017260N12310",2017-09-19 01:15:00,"MARIA",15.4,-61.3,97.5
"744","2017260N12310",2017-09-19 03:00:00,"MARIA",15.5205,-61.5412,98.25
"745","2017260N12310",2017-09-19 06:00:00,"MARIA",15.7,-61.9,100
"746","2017260N12310",2017-09-19 09:00:00,"MARIA",15.8909,-62.2966,101.25
"747","2017260N12310",2017-09-19 12:00:00,"MARIA",16.1,-62.7,102.5
"748","2017260N12310",2017-09-19 15:00:00,"MARIA",16.3499,-63.1,102.5
"749","2017260N12310",2017-09-19 18:00:00,"MARIA",16.6,-63.5,102.5
"750","2017260N12310",2017-09-19 21:00:00,"MARIA",16.7863,-63.9002,107.5
"751","2017260N12310",2017-09-20 00:00:00,"MARIA",17,-64.3,112.5
"752","2017260N12310",2017-09-20 03:00:00,"MARIA",17.3,-64.7,112.5
"753","2017260N12310",2017-09-20 06:00:00,"MARIA",17.6,-65.1,112.5
"754","2017260N12310",2017-09-20 09:00:00,"MARIA",17.8742,-65.6616,112.5
"755","2017260N12310",2017-09-20 10:15:00,"MARIA",18,-65.9,112.5
"756","2017260N12310",2017-09-20 12:00:00,"MARIA",18.2,-66.2,112.5
"757","2017260N12310",2017-09-20 15:00:00,"MARIA",18.4344,-66.6405,112.5
"758","2017260N12310",2017-09-20 18:00:00,"MARIA",18.6,-67,112.5
"759","2017260N12310",2017-09-20 21:00:00,"MARIA",18.7999,-67.3151,113.75
"760","2017260N12310",2017-09-21 00:00:00,"MARIA",19,-67.6,115
"761","2017260N12310",2017-09-21 03:00:00,"MARIA",19.1925,-67.9001,115
"762","2017260N12310",2017-09-21 06:00:00,"MARIA",19.4,-68.2,115
"763","2017260N12310",2017-09-21 09:00:00,"MARIA",19.6349,-68.4926,115
"764","2017260N12310",2017-09-21 12:00:00,"MARIA",19.9,-68.8,115
"765","2017260N12310",2017-09-21 15:00:00,"MARIA",20.2151,-69.1573,118.75
"766","2017260N12310",2017-09-21 18:00:00,"MARIA",20.5,-69.5,122.5
"767","2017260N12310",2017-09-21 21:00:00,"MARIA",20.6649,-69.7653,121.25
"768","2017260N12310",2017-09-22 00:00:00,"MARIA",20.8,-70,120
"769","2017260N12310",2017-09-22 03:00:00,"MARIA",20.97,-70.2576,121.25
"770","2017260N12310",2017-09-22 06:00:00,"MARIA",21.2,-70.5,122.5
"771","2017260N12310",2017-09-22 09:00:00,"MARIA",21.5125,-70.715,122.5
"772","2017260N12310",2017-09-22 12:00:00,"MARIA",21.9,-70.9,122.5
"773","2017260N12310",2017-09-22 15:00:00,"MARIA",22.3349,-71.0502,122.5
"774","2017260N12310",2017-09-22 18:00:00,"MARIA",22.8,-71.2,122.5
"775","2017260N12310",2017-09-22 21:00:00,"MARIA",23.265,-71.3999,125
"776","2017260N12310",2017-09-23 00:00:00,"MARIA",23.7,-71.6,127.5
"777","2017260N12310",2017-09-23 03:00:00,"MARIA",24.065,-71.7651,133.75
"778","2017260N12310",2017-09-23 06:00:00,"MARIA",24.4,-71.9,140
"779","2017260N12310",2017-09-23 09:00:00,"MARIA",24.7425,-72.0076,143.75
"780","2017260N12310",2017-09-23 12:00:00,"MARIA",25.1,-72.1,147.5
"781","2017260N12310",2017-09-23 15:00:00,"MARIA",25.5,-72.2075,156.25
"782","2017260N12310",2017-09-23 18:00:00,"MARIA",25.9,-72.3,165
"783","2017260N12310",2017-09-23 21:00:00,"MARIA",26.2425,-72.3502,165
"784","2017260N12310",2017-09-24 00:00:00,"MARIA",26.6,-72.4,165
"785","2017260N12310",2017-09-24 03:00:00,"MARIA",27.035,-72.4925,168.75
"786","2017260N12310",2017-09-24 06:00:00,"MARIA",27.5,-72.6,172.5
"787","2017260N12310",2017-09-24 09:00:00,"MARIA",27.965,-72.7075,172.5
"788","2017260N12310",2017-09-24 12:00:00,"MARIA",28.4,-72.8,172.5
"789","2017260N12310",2017-09-24 15:00:00,"MARIA",28.7725,-72.8651,173.75
"790","2017260N12310",2017-09-24 18:00:00,"MARIA",29.1,-72.9,175
"791","2017260N12310",2017-09-24 21:00:00,"MARIA",29.4075,-72.9076,175
"792","2017260N12310",2017-09-25 00:00:00,"MARIA",29.7,-72.9,175
"793","2017260N12310",2017-09-25 03:00:00,"MARIA",30.0075,-72.8926,178.75
"794","2017260N12310",2017-09-25 06:00:00,"MARIA",30.3,-72.9,182.5
"795","2017260N12310",2017-09-25 09:00:00,"MARIA",30.55,-72.9425,181.25
"796","2017260N12310",2017-09-25 12:00:00,"MARIA",30.8,-73,180
"797","2017260N12310",2017-09-25 15:00:00,"MARIA",31.0925,-73.0574,175
"798","2017260N12310",2017-09-25 18:00:00,"MARIA",31.4,-73.1,170
"799","2017260N12310",2017-09-25 21:00:00,"MARIA",31.7,-73.1076,170
"800","2017260N12310",2017-09-26 00:00:00,"MARIA",32,-73.1,170
"801","2017260N12310",2017-09-26 03:00:00,"MARIA",32.2925,-73.1,176.25
"802","2017260N12310",2017-09-26 06:00:00,"MARIA",32.6,-73.1,182.5
"803","2017260N12310",2017-09-26 09:00:00,"MARIA",32.95,-73.1,182.5
"804","2017260N12310",2017-09-26 12:00:00,"MARIA",33.3,-73.1,182.5
"805","2017260N12310",2017-09-26 15:00:00,"MARIA",33.615,-73.1074,181.25
"806","2017260N12310",2017-09-26 18:00:00,"MARIA",33.9,-73.1,180
"807","2017260N12310",2017-09-26 21:00:00,"MARIA",34.1575,-73.0575,180
"808","2017260N12310",2017-09-27 00:00:00,"MARIA",34.4,-73,180
"809","2017260N12310",2017-09-27 03:00:00,"MARIA",34.65,-72.95,178.75
"810","2017260N12310",2017-09-27 06:00:00,"MARIA",34.9,-72.9,177.5
"811","2017260N12310",2017-09-27 09:00:00,"MARIA",35.1425,-72.8574,177.5
"812","2017260N12310",2017-09-27 12:00:00,"MARIA",35.4,-72.8,177.5
"813","2017260N12310",2017-09-27 15:00:00,"MARIA",35.6925,-72.7224,177.5
"814","2017260N12310",2017-09-27 18:00:00,"MARIA",36,-72.6,177.5
"815","2017260N12310",2017-09-27 21:00:00,"MARIA",36.3373,-72.4526,177.5
"816","2017260N12310",2017-09-28 00:00:00,"MARIA",36.6,-72.2,177.5
"817","2017260N12310",2017-09-28 03:00:00,"MARIA",36.6873,-71.8171,176.25
"818","2017260N12310",2017-09-28 06:00:00,"MARIA",36.7,-71.3,175
"819","2017260N12310",2017-09-28 09:00:00,"MARIA",36.7575,-70.6876,175
"820","2017260N12310",2017-09-28 12:00:00,"MARIA",36.8,-70,175
"821","2017260N12310",2017-09-28 15:00:00,"MARIA",36.7991,-69.337,175
"822","2017260N12310",2017-09-28 18:00:00,"MARIA",36.8,-68.6,175
"823","2017260N12310",2017-09-28 21:00:00,"MARIA",36.8417,-67.76,173.75
"824","2017260N12310",2017-09-29 00:00:00,"MARIA",36.9,-66.8,172.5
"825","2017260N12310",2017-09-29 03:00:00,"MARIA",36.9564,-65.7601,175
"826","2017260N12310",2017-09-29 06:00:00,"MARIA",37,-64.6,177.5
"827","2017260N12310",2017-09-29 09:00:00,"MARIA",36.976,-63.3578,177.5
"828","2017260N12310",2017-09-29 12:00:00,"MARIA",37,-62,177.5
"829","2017260N12310",2017-09-29 15:00:00,"MARIA",37.1456,-60.5591,178.75
"830","2017260N12310",2017-09-29 18:00:00,"MARIA",37.4,-59,180
"831","2017260N12310",2017-09-29 21:00:00,"MARIA",37.7039,-57.3285,180
"832","2017260N12310",2017-09-30 00:00:00,"MARIA",38.1,-55.6,180
"833","2017260N12310",2017-09-30 03:00:00,"MARIA",38.5826,-53.8997,176.25
"834","2017260N12310",2017-09-30 06:00:00,"MARIA",39.1,-52.2,172.5
"835","2017260N12310",2017-09-30 09:00:00,"MARIA",39.5332,-50.481,172.5
"836","2017260N12310",2017-09-30 12:00:00,"MARIA",40,-48.8,172.5
"837","2017260N12310",2017-09-30 15:00:00,"MARIA",40.5903,-47.17,168.75
"838","2017260N12310",2017-09-30 18:00:00,"MARIA",41.2,-45.6,165
"839","2017260N12310",2017-09-30 21:00:00,"MARIA",41.6969,-44.0948,165
"840","2017260N12310",2017-10-01 00:00:00,"MARIA",42.2,-42.6,165
"841","2017260N12310",2017-10-01 03:00:00,"MARIA",42.7587,-41.062,165
"842","2017260N12310",2017-10-01 06:00:00,"MARIA",43.4,-39.4,165
"843","2017260N12310",2017-10-01 09:00:00,"MARIA",44.1171,-37.5433,165
"844","2017260N12310",2017-10-01 12:00:00,"MARIA",44.9,-35.5,165
"845","2017260N12310",2017-10-01 15:00:00,"MARIA",45.7356,-33.2967,165
"846","2017260N12310",2017-10-01 18:00:00,"MARIA",46.5,-31,165
"847","2017260N12310",2017-10-01 21:00:00,"MARIA",47.0778,-28.7452,175
"848","2017260N12310",2017-10-02 00:00:00,"MARIA",47.5,-26.5,175
"849","2017260N12310",2017-10-02 03:00:00,"MARIA",47.8181,-24.2851,175
"850","2017260N12310",2017-10-02 06:00:00,"MARIA",48,-22,175
"851","2017260N12310",2017-10-02 09:00:00,"MARIA",48.0506,-19.5486,87.5
"852","2017260N12310",2017-10-02 12:00:00,"MARIA",48,-17,NA
"853","2013306N07162",2013-11-02 06:00:00,"HAIYAN",6.6,161.6,NA
"854","2013306N07162",2013-11-02 09:00:00,"HAIYAN",6.37513,160.967,NA
"855","2013306N07162",2013-11-02 12:00:00,"HAIYAN",6.2,160.3,NA
"856","2013306N07162",2013-11-02 15:00:00,"HAIYAN",6.11242,159.573,NA
"857","2013306N07162",2013-11-02 18:00:00,"HAIYAN",6.1,158.8,NA
"858","2013306N07162",2013-11-02 21:00:00,"HAIYAN",6.13495,158,NA
"859","2013306N07162",2013-11-03 00:00:00,"HAIYAN",6.2,157.2,NA
"860","2013306N07162",2013-11-03 03:00:00,"HAIYAN",6.23489,156.435,NA
"861","2013306N07162",2013-11-03 06:00:00,"HAIYAN",6.12857,156.171,NA
"862","2013306N07162",2013-11-03 09:00:00,"HAIYAN",6.2014,155.644,NA
"863","2013306N07162",2013-11-03 12:00:00,"HAIYAN",6.25385,154.946,NA
"864","2013306N07162",2013-11-03 15:00:00,"HAIYAN",6.22081,154.063,NA
"865","2013306N07162",2013-11-03 18:00:00,"HAIYAN",6.175,153.175,NA
"866","2013306N07162",2013-11-03 21:00:00,"HAIYAN",6.1421,152.566,NA
"867","2013306N07162",2013-11-04 00:00:00,"HAIYAN",6.125,151.975,NA
"868","2013306N07162",2013-11-04 03:00:00,"HAIYAN",6.13512,151.144,NA
"869","2013306N07162",2013-11-04 06:00:00,"HAIYAN",6.175,150.275,42.5
"870","2013306N07162",2013-11-04 09:00:00,"HAIYAN",6.24228,149.543,44.5
"871","2013306N07162",2013-11-04 12:00:00,"HAIYAN",6.325,148.825,47.5
"872","2013306N07162",2013-11-04 15:00:00,"HAIYAN",6.41126,148.018,49.5
"873","2013306N07162",2013-11-04 18:00:00,"HAIYAN",6.475,147.225,52.5
"874","2013306N07162",2013-11-04 21:00:00,"HAIYAN",6.48045,146.533,52.5
"875","2013306N07162",2013-11-05 00:00:00,"HAIYAN",6.475,145.875,52.5
"876","2013306N07162",2013-11-05 03:00:00,"HAIYAN",6.48985,145.204,52.5
"877","2013306N07162",2013-11-05 06:00:00,"HAIYAN",6.55,144.5,52.5
"878","2013306N07162",2013-11-05 09:00:00,"HAIYAN",6.68493,143.731,59.5
"879","2013306N07162",2013-11-05 12:00:00,"HAIYAN",6.85,142.925,67.5
"880","2013306N07162",2013-11-05 15:00:00,"HAIYAN",6.99489,142.114,76
"881","2013306N07162",2013-11-05 18:00:00,"HAIYAN",7.125,141.3,85
"882","2013306N07162",2013-11-05 21:00:00,"HAIYAN",7.22479,140.509,92
"883","2013306N07162",2013-11-06 00:00:00,"HAIYAN",7.325,139.7,100
"884","2013306N07162",2013-11-06 03:00:00,"HAIYAN",7.45488,138.838,105
"885","2013306N07162",2013-11-06 06:00:00,"HAIYAN",7.6,137.95,110
"886","2013306N07162",2013-11-06 09:00:00,"HAIYAN",7.74793,137.068,116
"887","2013306N07162",2013-11-06 12:00:00,"HAIYAN",7.9,136.175,122.5
"888","2013306N07162",2013-11-06 15:00:00,"HAIYAN",8.03494,135.247,118
"889","2013306N07162",2013-11-06 18:00:00,"HAIYAN",8.2,134.35,113.75
"890","2013306N07162",2013-11-06 21:00:00,"HAIYAN",8.42529,133.553,113.75
"891","2013306N07162",2013-11-07 00:00:00,"HAIYAN",8.7,132.775,113.75
"892","2013306N07162",2013-11-07 03:00:00,"HAIYAN",8.98408,131.957,113.75
"893","2013306N07162",2013-11-07 06:00:00,"HAIYAN",9.325,131.075,113.75
"894","2013306N07162",2013-11-07 09:00:00,"HAIYAN",9.77917,130.109,115.75
"895","2013306N07162",2013-11-07 12:00:00,"HAIYAN",10.2,129.075,118.75
"896","2013306N07162",2013-11-07 15:00:00,"HAIYAN",10.4335,128.011,121
"897","2013306N07162",2013-11-07 18:00:00,"HAIYAN",10.6,126.925,123.75
"898","2013306N07162",2013-11-07 21:00:00,"HAIYAN",10.8139,125.856,123.75
"899","2013306N07162",2013-11-08 00:00:00,"HAIYAN",11.025,124.775,123.75
"900","2013306N07162",2013-11-08 03:00:00,"HAIYAN",11.2104,123.655,123.75
"901","2013306N07162",2013-11-08 06:00:00,"HAIYAN",11.4,122.55,123.75
"902","2013306N07162",2013-11-08 09:00:00,"HAIYAN",11.6166,121.545,123.75
"903","2013306N07162",2013-11-08 12:00:00,"HAIYAN",11.85,120.5,123.75
"904","2013306N07162",2013-11-08 15:00:00,"HAIYAN",12.1126,119.211,124.25
"905","2013306N07162",2013-11-08 18:00:00,"HAIYAN",12.325,118,125
"906","2013306N07162",2013-11-08 21:00:00,"HAIYAN",12.347,117.18,125
"907","2013306N07162",2013-11-09 00:00:00,"HAIYAN",12.45,116.475,125
"908","2013306N07162",2013-11-09 03:00:00,"HAIYAN",12.8843,115.612,125
"909","2013306N07162",2013-11-09 06:00:00,"HAIYAN",13.45,114.725,125
"910","2013306N07162",2013-11-09 09:00:00,"HAIYAN",13.9535,113.874,120
"911","2013306N07162",2013-11-09 12:00:00,"HAIYAN",14.45,113.05,115
"912","2013306N07162",2013-11-09 15:00:00,"HAIYAN",14.9192,112.232,115
"913","2013306N07162",2013-11-09 18:00:00,"HAIYAN",15.4,111.475,115
"914","2013306N07162",2013-11-09 21:00:00,"HAIYAN",15.9016,110.805,115
"915","2013306N07162",2013-11-10 00:00:00,"HAIYAN",16.475,110.2,115
"916","2013306N07162",2013-11-10 03:00:00,"HAIYAN",17.163,109.61,115
"917","2013306N07162",2013-11-10 06:00:00,"HAIYAN",17.9,109.05,115
"918","2013306N07162",2013-11-10 09:00:00,"HAIYAN",18.6226,108.468,110
"919","2013306N07162",2013-11-10 12:00:00,"HAIYAN",19.3,107.975,105
"920","2013306N07162",2013-11-10 15:00:00,"HAIYAN",19.8792,107.632,105
"921","2013306N07162",2013-11-10 18:00:00,"HAIYAN",20.425,107.425,105
"922","2013306N07162",2013-11-10 21:00:00,"HAIYAN",21.0217,107.252,105
"923","2013306N07162",2013-11-11 00:00:00,"HAIYAN",21.5929,107.257,105
"924","2013306N07162",2013-11-11 03:00:00,"HAIYAN",22.1109,107.495,78.5
"925","2013306N07162",2013-11-11 06:00:00,"HAIYAN",22.5,107.875,52.5
"926","2013306N07162",2013-11-11 09:00:00,"HAIYAN",22.5377,108.298,NA
"927","2013306N07162",2013-11-11 12:00:00,"HAIYAN",22.55,108.7,NA
"928","2019063S18038",2019-03-04 00:00:00,"IDAI",-18,38,NA
"929","2019063S18038",2019-03-04 03:00:00,"IDAI",-17.8824,38.015,NA
"930","2019063S18038",2019-03-04 06:00:00,"IDAI",-17.8,37.9,NA
"931","2019063S18038",2019-03-04 09:00:00,"IDAI",-17.7652,37.5925,NA
"932","2019063S18038",2019-03-04 12:00:00,"IDAI",-17.7,37.3,NA
"933","2019063S18038",2019-03-04 15:00:00,"IDAI",-17.5149,37.2701,NA
"934","2019063S18038",2019-03-04 18:00:00,"IDAI",-17.3,37.3,NA
"935","2019063S18038",2019-03-04 21:00:00,"IDAI",-17.1275,37.2074,NA
"936","2019063S18038",2019-03-05 00:00:00,"IDAI",-17.02,37.18,NA
"937","2019063S18038",2019-03-05 03:00:00,"IDAI",-16.98,37.1767,NA
"938","2019063S18038",2019-03-05 06:00:00,"IDAI",-16.9429,37.1714,NA
"939","2019063S18038",2019-03-05 09:00:00,"IDAI",-16.865,37.1425,NA
"940","2019063S18038",2019-03-05 12:00:00,"IDAI",-16.75,37.1,NA
"941","2019063S18038",2019-03-05 15:00:00,"IDAI",-16.615,37.0925,NA
"942","2019063S18038",2019-03-05 18:00:00,"IDAI",-16.45,37.1,NA
"943","2019063S18038",2019-03-05 21:00:00,"IDAI",-16.2537,37.1038,NA
"944","2019063S18038",2019-03-06 00:00:00,"IDAI",-16.05,37.1,NA
"945","2019063S18038",2019-03-06 03:00:00,"IDAI",-15.8787,37.09,NA
"946","2019063S18038",2019-03-06 06:00:00,"IDAI",-15.7,37.05,NA
"947","2019063S18038",2019-03-06 09:00:00,"IDAI",-15.4712,36.9763,NA
"948","2019063S18038",2019-03-06 12:00:00,"IDAI",-15.25,36.85,NA
"949","2019063S18038",2019-03-06 15:00:00,"IDAI",-15.0513,36.6761,NA
"950","2019063S18038",2019-03-06 18:00:00,"IDAI",-14.95,36.45,NA
"951","2019063S18038",2019-03-06 21:00:00,"IDAI",-15.0163,36.1565,NA
"952","2019063S18038",2019-03-07 00:00:00,"IDAI",-15.15,35.9,NA
"953","2019063S18038",2019-03-07 03:00:00,"IDAI",-15.2324,35.7837,NA
"954","2019063S18038",2019-03-07 06:00:00,"IDAI",-15.3,35.75,NA
"955","2019063S18038",2019-03-07 09:00:00,"IDAI",-15.3538,35.7463,NA
"956","2019063S18038",2019-03-07 12:00:00,"IDAI",-15.4,35.75,NA
"957","2019063S18038",2019-03-07 15:00:00,"IDAI",-15.4312,35.6887,NA
"958","2019063S18038",2019-03-07 18:00:00,"IDAI",-15.5,35.65,NA
"959","2019063S18038",2019-03-07 21:00:00,"IDAI",-15.6674,35.6688,NA
"960","2019063S18038",2019-03-08 00:00:00,"IDAI",-15.85,35.8,NA
"961","2019063S18038",2019-03-08 03:00:00,"IDAI",-15.9575,36.08,NA
"962","2019063S18038",2019-03-08 06:00:00,"IDAI",-16.05,36.45,NA
"963","2019063S18038",2019-03-08 09:00:00,"IDAI",-16.175,36.81,NA
"964","2019063S18038",2019-03-08 12:00:00,"IDAI",-16.3,37.2,NA
"965","2019063S18038",2019-03-08 15:00:00,"IDAI",-16.3999,37.6026,NA
"966","2019063S18038",2019-03-08 18:00:00,"IDAI",-16.5,38.05,NA
"967","2019063S18038",2019-03-08 21:00:00,"IDAI",-16.6212,38.5563,NA
"968","2019063S18038",2019-03-09 00:00:00,"IDAI",-16.75,39.1,NA
"969","2019063S18038",2019-03-09 03:00:00,"IDAI",-16.8974,39.6499,NA
"970","2019063S18038",2019-03-09 06:00:00,"IDAI",-17,40.2,NA
"971","2019063S18038",2019-03-09 09:00:00,"IDAI",-16.9863,40.7553,NA
"972","2019063S18038",2019-03-09 12:00:00,"IDAI",-16.95,41.25,62.5
"973","2019063S18038",2019-03-09 15:00:00,"IDAI",-16.9849,41.6487,71
"974","2019063S18038",2019-03-09 18:00:00,"IDAI",-17.05,41.95,80
"975","2019063S18038",2019-03-09 21:00:00,"IDAI",-17.1287,42.1837,74.5
"976","2019063S18038",2019-03-10 00:00:00,"IDAI",-17.2,42.35,70
"977","2019063S18038",2019-03-10 03:00:00,"IDAI",-17.2399,42.475,75.75
"978","2019063S18038",2019-03-10 06:00:00,"IDAI",-17.25,42.6,82.5
"979","2019063S18038",2019-03-10 09:00:00,"IDAI",-17.2325,42.8038,82.5
"980","2019063S18038",2019-03-10 12:00:00,"IDAI",-17.2,43,82.5
"981","2019063S18038",2019-03-10 15:00:00,"IDAI",-17.1637,43.1375,80.5
"982","2019063S18038",2019-03-10 18:00:00,"IDAI",-17.15,43.2,78.75
"983","2019063S18038",2019-03-10 21:00:00,"IDAI",-17.1942,43.1766,82.25
"984","2019063S18038",2019-03-11 00:00:00,"IDAI",-17.25,43.1,86.25
"985","2019063S18038",2019-03-11 03:00:00,"IDAI",-17.2675,43.0325,86.25
"986","2019063S18038",2019-03-11 06:00:00,"IDAI",-17.35,43,105
"987","2019063S18038",2019-03-11 09:00:00,"IDAI",-17.4517,42.8996,109
"988","2019063S18038",2019-03-11 12:00:00,"IDAI",-17.55,42.75,113.75
"989","2019063S18038",2019-03-11 15:00:00,"IDAI",-17.6213,42.575,110.75
"990","2019063S18038",2019-03-11 18:00:00,"IDAI",-17.7,42.4,108.75
"991","2019063S18038",2019-03-11 21:00:00,"IDAI",-17.81,42.2787,111
"992","2019063S18038",2019-03-12 00:00:00,"IDAI",-17.95,42.15,113.75
"993","2019063S18038",2019-03-12 03:00:00,"IDAI",-18.1137,41.9687,114.25
"994","2019063S18038",2019-03-12 06:00:00,"IDAI",-18.3,41.75,115
"995","2019063S18038",2019-03-12 09:00:00,"IDAI",-18.5038,41.5038,117
"996","2019063S18038",2019-03-12 12:00:00,"IDAI",-18.7,41.25,120
"997","2019063S18038",2019-03-12 15:00:00,"IDAI",-18.8649,41.0437,112.75
"998","2019063S18038",2019-03-12 18:00:00,"IDAI",-19,40.8,106.25
"999","2019063S18038",2019-03-12 21:00:00,"IDAI",-19.1151,40.4288,107.75
"1000","2019063S18038",2019-03-13 00:00:00,"IDAI",-19.2,40.05,110
"1001","2019063S18038",2019-03-13 03:00:00,"IDAI",-19.2574,39.7849,121.5
"1002","2019063S18038",2019-03-13 06:00:00,"IDAI",-19.3,39.55,133.75
"1003","2019063S18038",2019-03-13 09:00:00,"IDAI",-19.35,39.275,110.25
"1004","2019063S18038",2019-03-13 12:00:00,"IDAI",-19.4,39,87.5
"1005","2019063S18038",2019-03-13 15:00:00,"IDAI",-19.4462,38.7537,109.75
"1006","2019063S18038",2019-03-13 18:00:00,"IDAI",-19.5,38.5,132.5
"1007","2019063S18038",2019-03-13 21:00:00,"IDAI",-19.5712,38.2187,127.25
"1008","2019063S18038",2019-03-14 00:00:00,"IDAI",-19.65,37.9,122.5
"1009","2019063S18038",2019-03-14 03:00:00,"IDAI",-19.7287,37.54,119
"1010","2019063S18038",2019-03-14 06:00:00,"IDAI",-19.8,37.15,116.25
"1011","2019063S18038",2019-03-14 09:00:00,"IDAI",-19.8687,36.7501,122.75
"1012","2019063S18038",2019-03-14 12:00:00,"IDAI",-19.9,36.35,130
"1013","2019063S18038",2019-03-14 15:00:00,"IDAI",-19.8591,35.9749,110.5
"1014","2019063S18038",2019-03-14 18:00:00,"IDAI",-19.8,35.6,91.25
"1015","2019063S18038",2019-03-14 21:00:00,"IDAI",-19.7863,35.1963,91.25
"1016","2019063S18038",2019-03-15 00:00:00,"IDAI",-19.7,34.8,91.25
"1017","2019063S18038",2019-03-15 03:00:00,"IDAI",-19.5461,34.4661,85.75
"1018","2019063S18038",2019-03-15 06:00:00,"IDAI",-19.4,34.15,81.25
"1019","2019063S18038",2019-03-15 09:00:00,"IDAI",-19.3388,33.7926,88.5
"1020","2019063S18038",2019-03-15 12:00:00,"IDAI",-19.3,33.45,96.25
"1021","2019063S18038",2019-03-15 15:00:00,"IDAI",-19.2286,33.175,76.25
"1022","2019063S18038",2019-03-15 18:00:00,"IDAI",-19.15,32.9,56.25
"1023","2019063S18038",2019-03-15 21:00:00,"IDAI",-19.0863,32.5501,48.5
"1024","2019063S18038",2019-03-16 00:00:00,"IDAI",-19,32.2143,41.25
"1025","2019063S18038",2019-03-16 03:00:00,"IDAI",-18.8575,31.9474,20.5
"1026","2019063S18038",2019-03-16 06:00:00,"IDAI",-18.7,31.725,NA
"1027","2019063S18038",2019-03-16 09:00:00,"IDAI",-18.5875,31.5925,NA
"1028","2019063S18038",2019-03-16 12:00:00,"IDAI",-18.5,31.4,NA
